# Spec No	Date (DD/MM/YYYY)	Time (hh:mm:ss)	Fractional day	Fractional time	Latitude	Longitude	Elev. viewing angle	Azim. viewing angle	NO2.RMS	NO2.SlCol(no2)	NO2.SlErr(no2)	NO2.SlCol(o3)	NO2.SlErr(o3)	NO2.SlCol(o4)	NO2.SlErr(o4)	NO2.SlCol(h2o)	NO2.SlErr(h2o)	NO2.SlCol(ring)	NO2.SlErr(ring)	NO2.Shift(Spectrum)	NO2.Stretch(Spectrum)1	NO2.Stretch(Spectrum)2	Fluxes 500
1	18/03/2019	09:25:02	77.392396	9.4175	44	28	3	185	0.00090179	3.0804E+016	634700000000000	-2.2552E+018	6.5866E+017	1.1842E+043	3.5783E+041	4.9267E+022	8.4942E+021	0.0026736	0.00089269	0.094802	-0.00010156	0	3531.283
2	18/03/2019	09:25:45	77.392882	9.42916666666667	44	28	6	185	0.00080428	6.5456E+016	566080000000000	7.6895E+017	5.8745E+017	3.2409E+043	3.1914E+041	1.881E+023	7.5757E+021	0.0046571	0.00079617	0.071386	-0.00016803	0	11901.36
3	18/03/2019	09:26:27	77.393368	9.44083333333333	44	28	12	185	0.018119	4.7917E+016	1.2752E+016	8.0141E+019	1.3234E+019	1.5864E+043	7.1894E+042	-7.3293E+023	1.7066E+023	-0.49026	0.017936	0.067066	-0.00091433	0	14595.03
4	18/03/2019	09:30:20	77.396065	9.50555555555556	44	28	3	185	0.0014543	2.9069E+016	1.0236E+015	-3.0754E+017	1.0622E+018	8.1589E+042	5.7706E+041	8.4748E+022	1.3698E+022	0.0037385	0.0014396	0.081845	-0.0001208	0	1660.889
5	18/03/2019	09:31:00	77.396539	9.51694444444444	44	28	6	185	0.00063228	5.9436E+016	445020000000000	9.6508E+017	4.6182E+017	3.2033E+043	2.5089E+041	1.9127E+023	5.9556E+021	0.0032221	0.0006259	0.056219	-0.00017595	0	6050.136
6	18/03/2019	09:31:43	77.397025	9.52861111111111	44	28	12	185	0.00063283	3.461E+016	445400000000000	9.2755E+017	4.6222E+017	2.7996E+043	2.511E+041	1.528E+023	5.9608E+021	-0.00010576	0.00062644	0.055067	-0.00014106	0	8099.745
7	18/03/2019	09:32:25	77.397512	9.54027777777778	44	28	18	185	0.00059501	2.0665E+016	418790000000000	8.4172E+017	4.3459E+017	1.8925E+043	2.361E+041	1.0652E+023	5.6046E+021	-0.00084717	0.00058901	0.05308	-0.00013552	0	6970.952
8	18/03/2019	09:33:09	77.398032	9.55277777777778	44	28	30	185	0.00055938	1.3414E+016	393710000000000	-2105600000000000	4.0857E+017	9.3228E+042	2.2196E+041	6.5095E+022	5.2689E+021	0.0045958	0.00055374	0.051491	-0.00013074	0	5997.916
9	18/03/2019	09:33:55	77.398553	9.56527777777778	44	28	48	185	0.00052718	9.7383E+015	371050000000000	-2.0919E+017	3.8505E+017	2.7433E+042	2.0919E+041	3.9384E+022	4.9657E+021	0.0079127	0.00052187	0.050161	-0.00012787	0	5273.35
10	18/03/2019	09:34:39	77.399074	9.57777777777778	44	28	60	185	0.00048993	8404700000000000	344820000000000	-4.1032E+017	3.5784E+017	1.8707E+042	1.944E+041	3.1038E+022	4.6147E+021	0.008539	0.00048498	0.047867	-0.00012586	0	4788.301
11	18/03/2019	09:36:01	77.400012	9.60027777777778	44	28	89	185	0.00042601	5118800000000000	299840000000000	-5.1883E+017	3.1116E+017	5.3223E+041	1.6904E+041	3.3848E+022	4.0127E+021	-0.0011463	0.00042171	0.044226	-0.0001431	0	2784.896
12	18/03/2019	09:36:58	77.400671	9.61611111111111	44	28	3	185	0.0014172	2.6301E+016	997490000000000	6.1291E+017	1.0351E+018	8.7629E+042	5.6235E+041	6.982E+022	1.3349E+022	-0.00056786	0.0014029	0.067228	-7.6605E-05	0	1575.639
13	18/03/2019	09:37:40	77.401157	9.62777777777778	44	28	6	185	0.0005311	5.4605E+016	373800000000000	1.0297E+018	3.8791E+017	3.253E+043	2.1074E+041	1.8755E+023	5.0026E+021	0.003078	0.00052574	0.037325	-0.00016392	0	6037.784
14	18/03/2019	09:38:21	77.401644	9.63944444444444	44	28	12	185	0.0005623	3.1155E+016	395760000000000	1.11E+018	4.107E+017	2.8459E+043	2.2312E+041	1.4724E+023	5.2965E+021	0.00090897	0.00055663	0.040169	-0.00011069	0	8642.699
15	18/03/2019	09:39:04	77.40213	9.65111111111111	44	28	18	185	0.0005328	1.7923E+016	375000000000000	4.7426E+017	3.8915E+017	1.9102E+043	2.1141E+041	9.5001E+022	5.0186E+021	-0.00023756	0.00052742	0.03853	-0.00010833	0	7387.982
16	18/03/2019	09:39:48	77.40265	9.66361111111111	44	28	30	185	0.00049335	1.1293E+016	347240000000000	9.4534E+017	3.6035E+017	9.2009E+042	1.9576E+041	5.5242E+022	4.647E+021	0.0027533	0.00048838	0.037221	-0.00010661	0	6270.372
17	18/03/2019	09:40:34	77.403171	9.67611111111111	44	28	48	185	0.00045525	7131600000000000	320420000000000	-1.4122E+018	3.3251E+017	2.1917E+042	1.8064E+041	2.9725E+022	4.2881E+021	0.0087914	0.00045066	0.036076	-9.9573E-05	0	5491.231
18	18/03/2019	09:41:19	77.403692	9.68861111111111	44	28	60	185	0.0004032	4606100000000000	283790000000000	7.8609E+016	2.945E+017	2.0201E+042	1.5999E+041	1.3868E+022	3.7979E+021	0.0085516	0.00039913	0.035131	-9.5287E-05	0	4770.432
19	18/03/2019	09:42:39	77.40463	9.71111111111111	44	28	89	185	0.00033871	4631300000000000	238390000000000	8.2014E+016	2.4739E+017	4.3069E+041	1.344E+041	2.7518E+022	3.1904E+021	-0.0011647	0.00033529	0.031888	-0.00011074	0	2819.675
20	18/03/2019	09:43:36	77.405289	9.72694444444444	44	28	3	185	0.0014501	2.1882E+016	1020600000000000	1.8416E+017	1.0591E+018	7.6987E+042	5.7538E+041	3.7834E+022	1.3658E+022	-0.0012448	0.0014354	0.056196	-6.1586E-05	0	1510.45
21	18/03/2019	09:44:19	77.405775	9.73861111111111	44	28	6	185	0.00045911	5.0107E+016	323130000000000	1.6946E+018	3.3533E+017	3.1076E+043	1.8217E+041	1.7586E+023	4.3244E+021	0.0044834	0.00045447	0.025578	-0.00014426	0	5623.742
22	18/03/2019	09:45:00	77.406262	9.75027777777778	44	28	12	185	0.00053346	2.7439E+016	375470000000000	8.4756E+017	3.8964E+017	2.7488E+043	2.1168E+041	1.3956E+023	5.0248E+021	0.0012765	0.00052808	0.028046	-8.7938E-05	0	9018.054
23	18/03/2019	09:45:43	77.406748	9.76194444444445	44	28	18	185	0.0004919	1.6299E+016	346220000000000	8.5303E+017	3.5928E+017	1.8155E+043	1.9518E+041	8.7344E+022	4.6334E+021	0.0014135	0.00048694	0.026718	-8.2315E-05	0	7807.968
24	18/03/2019	09:46:28	77.407269	9.77444444444445	44	28	30	185	0.0004492	8874700000000001	316160000000000	3.751E+016	3.2809E+017	8.3546E+042	1.7824E+041	5.6632E+022	4.2311E+021	0.0061097	0.00044467	0.026335	-7.8973E-05	0	6643.491
25	18/03/2019	09:47:13	77.407789	9.78694444444445	44	28	48	185	0.00039517	5596600000000000	278130000000000	5.9059E+017	2.8863E+017	2.0839E+042	1.568E+041	2.7719E+022	3.7222E+021	0.0087273	0.00039118	0.025499	-7.5438E-05	0	5779.794
26	18/03/2019	09:47:55	77.408275	9.79861111111111	44	28	60	185	0.00041285	3824800000000000	290580000000000	-2.7542E+018	3.0154E+017	1.0773E+042	1.6382E+041	4.2503E+022	3.8887E+021	0.0085551	0.00040869	0.024784	-7.197E-05	0	4968.663
27	18/03/2019	09:49:16	77.409213	9.82111111111111	44	28	89	185	0.00025822	2495200000000000	181740000000000	-1.3405E+017	1.886E+017	2.6888E+041	1.0246E+041	1.7336E+022	2.4322E+021	-0.0024408	0.00025561	0.022807	-9.3972E-05	0	2749.775
28	18/03/2019	09:50:13	77.409873	9.83694444444445	44	28	3	185	0.0014002	2.2352E+016	985470000000000	1.8876E+018	1.0227E+018	8.2231E+042	5.5558E+041	4.8993E+022	1.3188E+022	-0.0014822	0.001386	0.048497	-4.3842E-05	0	1495.842
29	18/03/2019	09:50:55	77.410359	9.84861111111111	44	28	6	185	0.0004231	5.3921E+016	297790000000000	1.9705E+018	3.0903E+017	2.8503E+043	1.6788E+041	1.6891E+023	3.9853E+021	0.0047679	0.00041883	0.018858	-0.00012364	0	5571.936
30	18/03/2019	09:51:37	77.410845	9.86027777777778	44	28	12	185	0.00051151	2.8354E+016	360010000000000	1.3291E+018	3.736E+017	2.7349E+043	2.0296E+041	1.3466E+023	4.818E+021	0.0012268	0.00050635	0.021489	-7.3623E-05	0	9255.812
31	18/03/2019	09:52:19	77.411331	9.87194444444445	44	28	18	185	0.00047779	1.5542E+016	336280000000000	6.5085E+017	3.4897E+017	1.7978E+043	1.8958E+041	9.4721E+022	4.5004E+021	0.001762	0.00047297	0.021359	-7.3741E-05	0	8018.901
32	18/03/2019	09:53:00	77.411817	9.88361111111111	44	28	30	185	0.00044682	7313900000000000	314480000000000	-6.7724E+017	3.2636E+017	7.9328E+042	1.773E+041	5.1451E+022	4.2087E+021	0.0058876	0.00044231	0.021256	-6.2868E-05	0	6832.217
33	18/03/2019	09:53:45	77.412338	9.89611111111111	44	28	48	185	0.00040431	3386000000000000	284570000000000	-1.6391E+018	2.9531E+017	2.7953E+042	1.6043E+041	3.6294E+022	3.8083E+021	0.009563	0.00040023	0.020651	-6.4544E-05	0	5983.747
34	18/03/2019	09:54:31	77.412859	9.90861111111111	44	28	60	185	0.00037802	2828700000000000	266060000000000	1.5982E+018	2.7611E+017	1.5413E+042	1.5E+041	2.518E+022	3.5607E+021	0.0076251	0.00037421	0.020622	-6.5993E-05	0	5220.439
35	18/03/2019	09:55:51	77.413796	9.93111111111111	44	28	89	185	0.00023877	1479200000000000	168050000000000	-5.7413E+016	1.744E+017	3.4802E+041	9.4744E+040	2.1198E+022	2.2491E+021	-0.0017804	0.00023636	0.019092	-7.9342E-05	0	2832.505
36	18/03/2019	09:56:48	77.414456	9.94694444444444	44	28	3	185	0.0012774	1.9193E+016	899090000000000	9.5231E+017	9.3303E+017	7.0088E+042	5.0688E+041	5.267E+022	1.2032E+022	-0.00098823	0.0012645	0.043823	-3.2782E-05	0	1573.284
37	18/03/2019	09:57:30	77.414942	9.95861111111111	44	28	6	185	0.00041069	4.6085E+016	289060000000000	8.0783E+017	2.9997E+017	2.5433E+043	1.6296E+041	1.4337E+023	3.8684E+021	0.0061724	0.00040655	0.015295	-0.00011053	0	5702.168
38	18/03/2019	09:58:12	77.415428	9.97027777777778	44	28	12	185	0.0005117	2.5939E+016	360150000000000	1.2766E+018	3.7374E+017	2.5209E+043	2.0304E+041	1.2284E+023	4.8198E+021	0.0031603	0.00050654	0.018257	-6.2757E-05	0	9731.674
39	18/03/2019	09:58:54	77.415914	9.98194444444444	44	28	18	185	0.000479	1.4012E+016	337140000000000	1.2438E+018	3.4986E+017	1.7626E+043	1.9007E+041	8.8356E+022	4.5119E+021	0.0020218	0.00047417	0.018221	-6.2404E-05	0	8322.825
40	18/03/2019	09:59:40	77.416435	9.99444444444445	44	28	30	185	0.00047455	6846900000000000	334000000000000	-1.6152E+018	3.4661E+017	6.8537E+042	1.883E+041	3.6556E+022	4.4699E+021	0.0081336	0.00046976	0.018365	-5.5588E-05	0	7841.038
41	18/03/2019	10:00:24	77.416956	10.0069444444444	44	28	48	185	0.00041396	2637500000000000	291360000000000	-7.9938E+017	3.0235E+017	1.4876E+042	1.6426E+041	2.607E+022	3.8992E+021	0.01098	0.00040978	0.018531	-5.2191E-05	0	6468.187
42	18/03/2019	10:01:45	77.417894	10.0294444444444	44	28	3	185	0.0013882	1.7491E+016	977040000000000	-2.6932E+017	1.0139E+018	6.6626E+042	5.5083E+041	4.0211E+022	1.3076E+022	-0.0021849	0.0013742	0.044109	-3.1907E-05	0	1491.374
43	18/03/2019	10:02:27	77.418368	10.0408333333333	44	28	6	185	0.0004118	4.7846E+016	289840000000000	1.5794E+018	3.0078E+017	2.8045E+043	1.634E+041	1.625E+023	3.8788E+021	0.0051	0.00040764	0.01306	-0.00011122	0	5673.376
44	18/03/2019	10:03:09	77.418854	10.0525	44	28	12	185	0.00050663	2.6933E+016	356580000000000	8.6997E+017	3.7004E+017	2.636E+043	2.0103E+041	1.2955E+023	4.7721E+021	0.0025533	0.00050152	0.016597	-5.9123E-05	0	9670.561
45	18/03/2019	10:03:51	77.41934	10.0641666666667	44	28	18	185	0.00047472	1.3011E+016	334120000000000	7.0497E+017	3.4674E+017	1.7718E+043	1.8837E+041	8.1525E+022	4.4715E+021	0.0026586	0.00046993	0.016212	-5.5529E-05	0	8370.844
46	18/03/2019	10:04:33	77.419826	10.0758333333333	44	28	30	185	0.00043907	6994800000000000	309030000000000	-5.525E+017	3.207E+017	7.9526E+042	1.7422E+041	3.6332E+022	4.1358E+021	0.0059966	0.00043465	0.016313	-4.8061E-05	0	7376.098
47	18/03/2019	10:05:17	77.420347	10.0883333333333	44	28	48	185	0.000406	2518600000000000	285750000000000	5.1249E+017	2.9654E+017	2.8264E+042	1.611E+041	1.6577E+022	3.8242E+021	0.0079638	0.0004019	0.015884	-5.304E-05	0	6437.975
48	18/03/2019	10:06:03	77.420868	10.1008333333333	44	28	60	185	0.00040085	1549400000000000	282130000000000	1.7846E+018	2.9278E+017	4.1199E+041	1.5905E+041	1.4311E+022	3.7757E+021	0.010523	0.0003968	0.015101	-6.2077E-05	0	6186.007
49	18/03/2019	10:07:24	77.421806	10.1233333333333	44	28	89	185	0.00021014	1949900000000000	147900000000000	-4.8222E+016	1.5348E+017	1.5349E+041	8.3381E+040	1.793E+022	1.9793E+021	-0.0015953	0.00020802	0.014986	-6.7955E-05	0	2920.344
50	18/03/2019	10:08:20	77.422465	10.1391666666667	44	28	3	185	0.0013699	1.7675E+016	964150000000000	2.0415E+018	1.0005E+018	7.0252E+042	5.4356E+041	2.7796E+022	1.2903E+022	-0.003492	0.001356	0.03957	-2.8028E-05	0	1530.321
51	18/03/2019	10:09:02	77.422951	10.1508333333333	44	28	6	185	0.00040434	4.8743E+016	284590000000000	1.2444E+018	2.9533E+017	2.5579E+043	1.6044E+041	1.5123E+023	3.8086E+021	0.0069681	0.00040026	0.010916	-0.00010086	0	5772.245
52	18/03/2019	10:09:44	77.423438	10.1625	44	28	12	185	0.00052364	3.1253E+016	368560000000000	8.6058E+017	3.8247E+017	2.3568E+043	2.0778E+041	1.172E+023	4.9323E+021	0.0048002	0.00051836	0.013363	-4.9766E-05	0	10135.93
53	18/03/2019	10:10:26	77.423924	10.1741666666667	44	28	18	185	0.00048051	1.3763E+016	338200000000000	-1.608E+016	3.5096E+017	1.6986E+043	1.9066E+041	7.9426E+022	4.5261E+021	0.0043693	0.00047566	0.013757	-4.5047E-05	0	8712.147
54	18/03/2019	10:11:12	77.424444	10.1866666666667	44	28	30	185	0.00045725	3422000000000000	321820000000000	-1.3451E+018	3.3397E+017	7.4406E+042	1.8143E+041	5.6044E+022	4.3069E+021	0.0086678	0.00045263	0.014933	-3.6667E-05	0	7342.092
55	18/03/2019	10:11:57	77.424965	10.1991666666667	44	28	48	185	0.00044294	1.0637E+015	311750000000000	-9.4975E+017	3.2352E+017	3.012E+042	1.7576E+041	1.2074E+022	4.1722E+021	0.0093242	0.00043847	0.013545	-4.3026E-05	0	6731.886
56	18/03/2019	10:12:41	77.425486	10.2116666666667	44	28	60	185	0.00038453	1967000000000000	270650000000000	6.319E+017	2.8086E+017	3.7653E+041	1.5258E+041	-8.9356E+021	3.622E+021	0.0089298	0.00038065	0.013281	-4.0856E-05	0	5772.769
57	18/03/2019	10:14:03	77.426424	10.2341666666667	44	28	89	185	0.00019775	775050000000000	139180000000000	-3.5428E+017	1.4444E+017	-8.6253E+040	7.8466E+040	1.8197E+022	1.8627E+021	-0.0016259	0.00019576	0.011958	-5.5103E-05	0	2845.179
58	18/03/2019	10:15:00	77.427083	10.25	44	28	3	185	0.0013964	1.6387E+016	982790000000000	5.9101E+017	1.0199E+018	6.1556E+042	5.5407E+041	4.2808E+022	1.3153E+022	-0.0011299	0.0013823	0.037416	-3.033E-05	0	1474.815
59	18/03/2019	10:15:42	77.427569	10.2616666666667	44	28	6	185	0.00038423	4.5E+016	270430000000000	1.5159E+018	2.8064E+017	2.5118E+043	1.5246E+041	1.5051E+023	3.6191E+021	0.0077575	0.00038035	0.008806	-8.885E-05	0	5666.098
60	18/03/2019	10:16:24	77.428056	10.2733333333333	44	28	12	185	0.00051857	3.0531E+016	364980000000000	7.9712E+017	3.7876E+017	2.3434E+043	2.0577E+041	1.2033E+023	4.8846E+021	0.0048526	0.00051334	0.011665	-4.2626E-05	0	10266.55
61	18/03/2019	10:17:06	77.428542	10.285	44	28	18	185	0.00049298	1.5916E+016	346970000000000	8.1439E+017	3.6007E+017	1.6186E+043	1.9561E+041	7.8209E+022	4.6435E+021	0.0055989	0.000488	0.012513	-3.6003E-05	0	9072.512
62	18/03/2019	10:17:51	77.429063	10.2975	44	28	30	185	0.00046522	7469200000000000	327430000000000	-1.5991E+018	3.3979E+017	6.3188E+042	1.846E+041	2.8305E+022	4.382E+021	0.009659	0.00046052	0.012558	-3.0987E-05	0	8166.917
63	18/03/2019	10:18:36	77.429583	10.31	44	28	48	185	0.00048274	3148200000000000	339770000000000	-4.3846E+017	3.5259E+017	8.0547E+041	1.9155E+041	2.4981E+021	4.5471E+021	0.012096	0.00047787	0.011844	-4.1012E-05	0	7625.761
64	18/03/2019	10:19:20	77.430104	10.3225	44	28	60	185	0.00039517	1997900000000000	278140000000000	-1.0635E+018	2.8863E+017	7.1216E+041	1.568E+041	9.0865E+021	3.7223E+021	0.011515	0.00039119	0.012289	-3.5785E-05	0	6239.269
65	18/03/2019	10:20:41	77.431042	10.345	44	28	89	185	0.00019019	1505800000000000	133860000000000	2.0303E+017	1.3892E+017	-5.1432E+040	7.5469E+040	1.1943E+022	1.7915E+021	-0.0015993	0.00018828	0.012216	-5.0128E-05	0	2989.47
66	18/03/2019	10:21:39	77.431701	10.3608333333333	44	28	3	185	0.0013743	1.7228E+016	967240000000000	4.7708E+017	1.0038E+018	6.7708E+042	5.453E+041	5.0204E+022	1.2944E+022	-0.0017019	0.0013604	0.037529	-2.3954E-05	0	1518.413
67	18/03/2019	10:22:21	77.432187	10.3725	44	28	6	185	0.00036889	4.3137E+016	259630000000000	5.0719E+017	2.6943E+017	2.426E+043	1.4637E+041	1.4913E+023	3.4746E+021	0.0082153	0.00036516	0.0087114	-9.2947E-05	0	5745.431
68	18/03/2019	10:23:02	77.432674	10.3841666666667	44	28	12	185	0.00052629	3.0835E+016	370420000000000	1.0902E+018	3.844E+017	2.1473E+043	2.0883E+041	1.1063E+023	4.9573E+021	0.0072973	0.00052098	0.011937	-4.1833E-05	0	10595.54
69	18/03/2019	10:23:44	77.43316	10.3958333333333	44	28	18	185	0.00050402	1.8272E+016	354740000000000	7.5602E+017	3.6813E+017	1.4971E+043	1.9999E+041	8.2816E+022	4.7475E+021	0.007101	0.00049893	0.012482	-3.6749E-05	0	9631.131
70	18/03/2019	10:24:29	77.433681	10.4083333333333	44	28	30	185	0.00048307	9.939E+015	340000000000000	-9.3449E+017	3.5284E+017	5.8075E+042	1.9168E+041	3.9137E+022	4.5502E+021	0.011286	0.0004782	0.013066	-2.8292E-05	0	8790.039
71	18/03/2019	10:25:15	77.434201	10.4208333333333	44	28	48	185	0.00049404	3997500000000000	347720000000000	-2.171E+018	3.6085E+017	6.5297E+041	1.9603E+041	2.5503E+022	4.6535E+021	0.017113	0.00048906	0.012291	-3.2789E-05	0	8312.842
72	18/03/2019	10:26:00	77.434722	10.4333333333333	44	28	60	185	0.00040563	3097800000000000	285500000000000	-9.435E+017	2.9627E+017	-3.1569E+041	1.6095E+041	-1.5277E+021	3.8208E+021	0.011094	0.00040154	0.012778	-3.3911E-05	0	6685.455
73	18/03/2019	10:27:20	77.43566	10.4558333333333	44	28	89	185	0.00019197	2.0028E+015	135120000000000	-3.6624E+016	1.4022E+017	1.9452E+041	7.6174E+040	1.2574E+022	1.8082E+021	7.8182E-05	0.00019004	0.012792	-4.7957E-05	0	3040.289
74	18/03/2019	10:28:17	77.436319	10.4716666666667	44	28	3	185	0.0014048	1.6355E+016	988760000000000	8.0112E+017	1.0261E+018	7.6762E+042	5.5743E+041	3.3016E+022	1.3233E+022	-0.0060034	0.0013907	0.038441	-3.0856E-05	0	1511.123
75	18/03/2019	10:29:00	77.436806	10.4833333333333	44	28	6	185	0.000392	4.1286E+016	275900000000000	1.4721E+018	2.8632E+017	2.754E+043	1.5555E+041	1.6775E+023	3.6924E+021	0.0078026	0.00038805	0.0088288	-9.7974E-05	0	5900.62
76	18/03/2019	10:29:41	77.437292	10.495	44	28	12	185	0.00053001	3.1648E+016	373030000000000	4.7501E+017	3.8712E+017	2.2773E+043	2.103E+041	1.2262E+023	4.9923E+021	0.0075708	0.00052466	0.011938	-4.3064E-05	0	10784.98
77	18/03/2019	10:30:24	77.437778	10.5066666666667	44	28	18	185	0.00051285	2.0214E+016	360960000000000	1.0601E+018	3.7459E+017	1.4638E+043	2.035E+041	7.5412E+022	4.8307E+021	0.0078181	0.00050768	0.012546	-3.6598E-05	0	9899.136
78	18/03/2019	10:31:09	77.438299	10.5191666666667	44	28	30	185	0.00049329	9.9821E+015	347190000000000	-2.5521E+018	3.603E+017	5.8472E+042	1.9573E+041	4.3549E+022	4.6464E+021	0.011306	0.00048831	0.012567	-3.1329E-05	0	9010.447
79	18/03/2019	10:31:53	77.438819	10.5316666666667	44	28	48	185	0.00049138	5249700000000000	345850000000000	6.9408E+016	3.589E+017	2.202E+042	1.9498E+041	2.5257E+022	4.6285E+021	0.016156	0.00048642	0.011474	-3.0427E-05	0	9231.179
80	18/03/2019	10:32:39	77.43934	10.5441666666667	44	28	60	185	0.00042655	4684600000000000	300220000000000	7.5035E+017	3.1155E+017	7.3696E+041	1.6925E+041	2.1415E+022	4.0178E+021	0.014484	0.00042225	0.011675	-2.4589E-05	0	7198.716
81	18/03/2019	10:33:59	77.440278	10.5666666666667	44	28	89	185	0.00017439	3328500000000000	122740000000000	1.8852E+017	1.2737E+017	4.9117E+041	6.9196E+040	1.9647E+022	1.6426E+021	-0.00088535	0.00017263	0.0096705	-3.6504E-05	0	3031.381
82	18/03/2019	10:34:56	77.440938	10.5825	44	28	3	185	0.0013924	1.732E+016	980050000000000	2.249E+018	1.017E+018	6.6114E+042	5.5252E+041	3.6355E+022	1.3116E+022	-0.00095593	0.0013784	0.035012	-1.5521E-05	0	1501.755
83	18/03/2019	10:35:38	77.441424	10.5941666666667	44	28	6	185	0.00039453	3.5268E+016	277680000000000	1.2213E+018	2.8816E+017	2.5823E+043	1.5655E+041	1.5878E+023	3.7162E+021	0.0082659	0.00039055	0.0032454	-8.6004E-05	0	6053.101
84	18/03/2019	10:36:20	77.44191	10.6058333333333	44	28	12	185	0.00053154	2.6837E+016	374110000000000	1.5629E+018	3.8823E+017	2.1307E+043	2.1091E+041	1.0733E+023	5.0067E+021	0.0080492	0.00052618	0.0070613	-2.7683E-05	0	10980.69
85	18/03/2019	10:37:02	77.442396	10.6175	44	28	18	185	0.00051471	1.8069E+016	362270000000000	2.8048E+017	3.7594E+017	1.3027E+043	2.0424E+041	7.3208E+022	4.8482E+021	0.0092737	0.00050952	0.0074125	-2.3092E-05	0	10523.33
86	18/03/2019	10:37:44	77.442882	10.6291666666667	44	28	30	185	0.00050142	9.7999E+015	352910000000000	-2.1739E+018	3.6623E+017	5.438E+042	1.9896E+041	3.0615E+022	4.723E+021	0.012368	0.00049636	0.00762	-1.286E-05	0	9840.958
87	18/03/2019	10:38:29	77.443403	10.6416666666667	44	28	48	185	0.00055127	4474000000000000	388000000000000	-3.4273E+017	4.0265E+017	2.5542E+042	2.1874E+041	7.362E+021	5.1926E+021	0.016669	0.00054571	0.0072276	-1.0794E-05	0	10512.91
88	18/03/2019	10:39:15	77.443924	10.6541666666667	44	28	60	185	0.0004423	3049900000000000	311310000000000	1.1421E+018	3.2306E+017	3.2356E+041	1.755E+041	1.0603E+022	4.1662E+021	0.013424	0.00043784	0.0080384	-3.2288E-06	0	7601.641
89	18/03/2019	10:40:36	77.444861	10.6766666666667	44	28	89	185	0.00015986	2.1992E+015	112520000000000	2.9232E+017	1.1676E+017	1.9677E+041	6.3433E+040	1.1014E+022	1.5058E+021	7.7601E-05	0.00015825	0.0061852	-3.1668E-05	0	3190.351
90	18/03/2019	10:41:33	77.445521	10.6925	44	28	3	185	0.0012191	1.331E+016	858040000000000	3.0184E+018	8.9043E+017	6.6489E+042	4.8374E+041	5.1776E+022	1.1483E+022	-0.0014241	0.0012068	0.032078	8.6189E-06	0	1647.891
91	18/03/2019	10:42:14	77.446007	10.7041666666667	44	28	6	185	0.00041997	3.0366E+016	295580000000000	1.3964E+018	3.0674E+017	2.7043E+043	1.6664E+041	1.5787E+023	3.9558E+021	0.0072082	0.00041573	-0.00075589	-8.122E-05	0	6818.741
92	18/03/2019	10:42:56	77.446493	10.7158333333333	44	28	12	185	0.00053073	2.3106E+016	373540000000000	7.0729E+017	3.8764E+017	2.1342E+043	2.1059E+041	1.0911E+023	4.9991E+021	0.0084535	0.00052537	0.0043651	-2.0387E-05	0	11211.95
93	18/03/2019	10:43:38	77.446979	10.7275	44	28	18	185	0.00052523	1.6016E+016	369670000000000	8.0922E+017	3.8363E+017	1.2869E+043	2.0841E+041	7.1386E+022	4.9473E+021	0.010759	0.00051993	0.0046628	-1.4902E-05	0	11001.01
94	18/03/2019	10:44:24	77.4475	10.74	44	28	30	185	0.00050916	6951900000000000	358360000000000	-6.8978E+017	3.7189E+017	6.1399E+042	2.0203E+041	2.9998E+022	4.7959E+021	0.01282	0.00050403	0.0051164	-8.4989E-06	0	10163.62
95	18/03/2019	10:45:08	77.448021	10.7525	44	28	48	185	0.00056318	2212600000000000	396380000000000	1.2317E+018	4.1134E+017	1.8723E+042	2.2347E+041	-5.1241E+021	5.3047E+021	0.01588	0.00055749	0.0056374	-9.9921E-07	0	11659.07
96	18/03/2019	10:45:54	77.448542	10.765	44	28	60	185	0.00045296	1571900000000000	318810000000000	-1.2156E+018	3.3084E+017	-1.0541E+042	1.7973E+041	2.0924E+022	4.2666E+021	0.017449	0.00044839	0.0071844	8.7074E-06	0	8139.765
97	18/03/2019	10:47:15	77.449479	10.7875	44	28	89	185	0.00016126	826880000000000	113500000000000	-2.9688E+017	1.1778E+017	-1.8194E+040	6.3987E+040	1.1172E+022	1.5189E+021	0.00087907	0.00015963	0.0049829	-2.1995E-05	0	3250.711
98	18/03/2019	10:48:12	77.450139	10.8033333333333	44	28	3	185	0.0014493	1.0039E+016	1020100000000000	-2.0288E+017	1.0586E+018	8.19E+042	5.7509E+041	6.3997E+022	1.3652E+022	0.0042792	0.0014347	0.028852	-1.1858E-05	0	1430.109
99	18/03/2019	10:48:54	77.450625	10.815	44	28	6	185	0.00038289	2.5466E+016	269490000000000	1.8845E+018	2.7966E+017	2.888E+043	1.5193E+041	1.7702E+023	3.6065E+021	0.0075519	0.00037902	-0.0010809	-7.1864E-05	0	6086.101
100	18/03/2019	10:49:36	77.451111	10.8266666666667	44	28	12	185	0.00053291	1.8154E+016	375070000000000	8.2328E+017	3.8923E+017	2.3281E+043	2.1146E+041	1.1641E+023	5.0196E+021	0.0070263	0.00052753	0.0024102	-1.5723E-05	0	11403.34
101	18/03/2019	10:50:17	77.451597	10.8383333333333	44	28	18	185	0.00050868	1.2353E+016	358030000000000	8.0919E+016	3.7154E+017	1.3936E+043	2.0184E+041	7.0343E+022	4.7914E+021	0.0094076	0.00050355	0.0030694	-7.2877E-06	0	10839.98
102	18/03/2019	10:51:03	77.452118	10.8508333333333	44	28	30	185	0.00052303	6982800000000000	368120000000000	6.7731E+017	3.8202E+017	5.7353E+042	2.0754E+041	3.8527E+022	4.9265E+021	0.012682	0.00051775	0.0031519	-3.7089E-07	0	10412.09
103	18/03/2019	10:52:32	77.453148	10.8755555555556	44	28	60	185	0.00045657	3041700000000000	321340000000000	4.0342E+017	3.3347E+017	3.2474E+041	1.8116E+041	1.4552E+022	4.3005E+021	0.017128	0.00045196	0.0029623	2.65E-05	0	8455.023
104	18/03/2019	10:53:52	77.454086	10.8980555555556	44	28	89	185	0.00014703	1.4847E+015	103490000000000	6.3676E+016	1.0739E+017	9.9093E+040	5.8343E+040	8.1586E+021	1.385E+021	0.00076045	0.00014555	0.00060598	-3.5096E-06	0	3203.09
105	18/03/2019	10:54:50	77.454745	10.9138888888889	44	28	3	185	0.0011595	1.2302E+016	816080000000000	-9.5128E+017	8.4689E+017	9.3694E+042	4.6008E+041	5.5493E+022	1.0922E+022	0.001062	0.0011478	0.02634	3.7463E-05	0	1792.609
106	18/03/2019	10:55:29	77.455208	10.925	44	28	6	185	0.00044417	2.2862E+016	312620000000000	1.3339E+018	3.2442E+017	3.1571E+043	1.7625E+041	1.876E+023	4.1838E+021	0.0072411	0.00043969	-0.0055594	-4.5198E-05	0	7901.666
107	18/03/2019	10:56:12	77.455694	10.9366666666667	44	28	12	185	0.0005233	1.4505E+016	368310000000000	1.2216E+018	3.8221E+017	2.4847E+043	2.0764E+041	1.1988E+023	4.9291E+021	0.0065457	0.00051802	-0.0014608	-1.1452E-06	0	11491.16
108	18/03/2019	10:56:54	77.456181	10.9483333333333	44	28	18	185	0.00049549	8909300000000000	348740000000000	2.8366E+017	3.6191E+017	1.4613E+043	1.9661E+041	7.4492E+022	4.6672E+021	0.0074867	0.00049049	-0.00081856	5.9827E-06	0	10416.53
109	18/03/2019	10:57:39	77.456701	10.9608333333333	44	28	30	185	0.0005085	5453700000000000	357890000000000	1.4621E+018	3.714E+017	6.6201E+042	2.0177E+041	4.9403E+022	4.7897E+021	0.01177	0.00050337	-0.00086114	8.2931E-06	0	10418.85
110	18/03/2019	10:59:09	77.457743	10.9858333333333	44	28	60	185	0.0004415	575840000000000	310740000000000	7.2195E+017	3.2247E+017	2.3711E+041	1.7519E+041	2.129E+022	4.1586E+021	0.014936	0.00043705	0.0012575	3.5247E-05	0	8110.849
112	18/03/2019	11:01:26	77.45934	11.0241666666667	44	28	3	185	0.0012963	9.3303E+015	912400000000000	4.209E+018	9.4685E+017	9.6442E+042	5.1438E+041	7.3773E+022	1.2211E+022	7.6733E-06	0.0012833	0.025055	2.1439E-05	0	1615.742
113	18/03/2019	11:02:09	77.459826	11.0358333333333	44	28	6	185	0.00045476	2.0941E+016	320070000000000	2.2637E+018	3.3215E+017	3.2258E+043	1.8045E+041	1.8034E+023	4.2835E+021	0.0066377	0.00045017	-0.008768	-5.7519E-05	0	7658.016
114	18/03/2019	11:02:48	77.460289	11.0469444444444	44	28	12	185	0.00052641	1.2879E+016	370500000000000	1.2672E+018	3.8449E+017	2.5326E+043	2.0888E+041	1.188E+023	4.9584E+021	0.0063316	0.0005211	-0.0034366	3.0587E-06	0	11705.96
115	18/03/2019	11:03:31	77.460775	11.0586111111111	44	28	18	185	0.00050687	8038700000000000	356750000000000	9.3142E+016	3.7022E+017	1.4431E+043	2.0113E+041	8.0207E+022	4.7744E+021	0.008228	0.00050176	-0.0029087	7.532E-06	0	10670.36
116	18/03/2019	11:04:16	77.461296	11.0711111111111	44	28	30	185	0.00051049	3293500000000000	359300000000000	4.1783E+017	3.7286E+017	6.1096E+042	2.0256E+041	2.3309E+022	4.8084E+021	0.012493	0.00050534	-0.0012341	7.9718E-06	0	10324.74
117	18/03/2019	11:05:44	77.462326	11.0958333333333	44	28	60	185	0.00045518	79833000000000	320370000000000	4.2477E+017	3.3246E+017	7.3815E+041	1.8061E+041	1.0035E+021	4.2874E+021	0.015648	0.00045059	0.0017408	3.0282E-05	0	8428.654
118	18/03/2019	11:07:05	77.463264	11.1183333333333	44	28	89	185	0.00014726	476680000000000	103650000000000	1.316E+017	1.0756E+017	-1.4707E+041	5.8433E+040	2.8137E+021	1.3871E+021	-0.00085219	0.00014578	0.0016917	-1.8698E-06	0	3103.302
119	18/03/2019	11:08:02	77.463924	11.1341666666667	44	28	3	185	0.0013587	7350800000000000	956280000000000	-8.59E+017	9.9238E+017	1.0162E+043	5.3912E+041	6.4773E+022	1.2798E+022	-0.0022945	0.001345	0.025111	7.8019E-06	0	1552.414
120	18/03/2019	11:08:47	77.464444	11.1466666666667	44	28	6	185	0.00044517	2.0076E+016	313320000000000	2.3597E+018	3.2515E+017	3.2015E+043	1.7664E+041	1.8366E+023	4.1932E+021	0.0075552	0.00044068	-0.0066187	-6.1303E-05	0	7966.619
121	18/03/2019	11:09:32	77.464965	11.1591666666667	44	28	12	185	0.00052998	1.3347E+016	373020000000000	1.339E+018	3.871E+017	2.4504E+043	2.103E+041	1.2042E+023	4.9921E+021	0.0069357	0.00052464	-0.0020615	-3.4895E-06	0	11838.19
122	18/03/2019	11:10:15	77.465451	11.1708333333333	44	28	18	185	0.00051147	7550200000000000	359990000000000	1.4403E+017	3.7358E+017	1.4824E+043	2.0295E+041	7.4889E+022	4.8177E+021	0.0087247	0.00050631	-0.0018739	1.5396E-06	0	10754.01
123	18/03/2019	11:11:00	77.465972	11.1833333333333	44	28	30	185	0.00051097	3248800000000000	359640000000000	2.5751E+018	3.7321E+017	7.6323E+042	2.0275E+041	2.508E+022	4.813E+021	0.012987	0.00050582	-0.0016638	3.0292E-06	0	10244.54
124	18/03/2019	11:12:29	77.467014	11.2083333333333	44	28	60	185	0.00046392	828180000000000	326520000000000	2.4294E+017	3.3885E+017	5.6209E+041	1.8408E+041	-7.1109E+021	4.3698E+021	0.014913	0.00045924	0.001384	1.7976E-05	0	8587.183
125	18/03/2019	11:13:50	77.467951	11.2308333333333	44	28	89	185	0.00016343	363050000000000	115030000000000	-1.1389E+017	1.1937E+017	2.4991E+041	6.4849E+040	8.3232E+021	1.5394E+021	-0.001241	0.00016178	0.0027459	-3.5207E-07	0	3060.274
126	18/03/2019	11:14:47	77.468611	11.2466666666667	44	28	3	185	0.0011558	1.1653E+016	813510000000000	-5.5202E+017	8.4422E+017	1.0389E+043	4.5863E+041	5.5506E+022	1.0887E+022	0.00012745	0.0011442	0.028327	1.7606E-05	0	1774.627
127	18/03/2019	11:15:29	77.469097	11.2583333333333	44	28	6	185	0.000463	2.1438E+016	325870000000000	1.7527E+018	3.3817E+017	3.2102E+043	1.8372E+041	1.8653E+023	4.3611E+021	0.0075393	0.00045833	-0.0054518	-5.9912E-05	0	8119.155
128	18/03/2019	11:16:12	77.469583	11.27	44	28	12	185	0.00053412	1.3704E+016	375930000000000	1.226E+018	3.9012E+017	2.4814E+043	2.1194E+041	1.2239E+023	5.031E+021	0.0071807	0.00052873	-0.00045219	-1.2476E-05	0	11821.78
129	18/03/2019	11:16:53	77.470069	11.2816666666667	44	28	18	185	0.00052073	8445100000000000	366510000000000	1.6381E+017	3.8034E+017	1.4891E+043	2.0663E+041	7.8872E+022	4.9049E+021	0.009588	0.00051548	-0.0001616	-8.4847E-06	0	10996.84
130	18/03/2019	11:17:39	77.47059	11.2941666666667	44	28	30	185	0.00052894	4.3832E+015	372290000000000	-2.884E+017	3.8634E+017	6.2602E+042	2.0988E+041	3.8744E+022	4.9823E+021	0.015184	0.00052361	0.00083412	-3.5397E-06	0	10920.6
131	18/03/2019	11:19:09	77.471632	11.3191666666667	44	28	60	185	0.00046194	989080000000000	325130000000000	-3218500000000000	3.374E+017	2.8739E+041	1.833E+041	1.3744E+020	4.3511E+021	0.01466	0.00045728	-0.00087906	-9.4992E-06	0	8576.764
132	18/03/2019	11:20:30	77.472569	11.3416666666667	44	28	89	185	0.00016653	2621700000000000	117210000000000	7604300000000000	1.2163E+017	3.2438E+041	6.6078E+040	7.8463E+021	1.5686E+021	0.0014684	0.00016485	0.002513	2.2203E-07	0	3431.859
133	18/03/2019	11:21:27	77.473229	11.3575	44	28	3	185	0.001308	9.2545E+015	920580000000000	-2.2521E+018	9.5533E+017	9.2807E+042	5.1899E+041	6.9082E+022	1.232E+022	0.00080396	0.0012948	0.02662	-1.2994E-05	0	1607.084
134	18/03/2019	11:22:08	77.473715	11.3691666666667	44	28	6	185	0.00042654	1.7539E+016	300210000000000	1.7518E+018	3.1154E+017	3.2838E+043	1.6925E+041	1.9221E+023	4.0177E+021	0.0076315	0.00042223	-0.0065015	-7.6335E-05	0	7083.246
135	18/03/2019	11:22:51	77.474201	11.3808333333333	44	28	12	185	0.0005406	1.1454E+016	380490000000000	1.6094E+018	3.9485E+017	2.555E+043	2.1451E+041	1.2484E+023	5.092E+021	0.0074408	0.00053514	-0.0019535	-1.4226E-05	0	11966.05
136	18/03/2019	11:23:32	77.474688	11.3925	44	28	18	185	0.00051311	7479600000000000	361140000000000	1.0207E+018	3.7477E+017	1.5365E+043	2.036E+041	7.9765E+022	4.8331E+021	0.0090009	0.00050793	-0.002139	-1.203E-05	0	11007.94
137	18/03/2019	11:24:17	77.475208	11.405	44	28	30	185	0.00052098	4.4427E+015	366680000000000	4.6137E+017	3.8052E+017	7.0176E+042	2.0672E+041	4.2739E+022	4.9072E+021	0.012868	0.00051572	-0.0011026	-3.3411E-06	0	10802.85
138	18/03/2019	11:25:47	77.47625	11.43	44	28	60	185	0.00051283	2876200000000000	360940000000000	2.5451E+018	3.7457E+017	1.5247E+042	2.0349E+041	1.3503E+022	4.8304E+021	0.015201	0.00050765	-0.00078923	-9.2294E-06	0	9088.107
139	18/03/2019	11:27:09	77.477187	11.4525	44	28	89	185	0.0001792	3079000000000000	126130000000000	-5.5915E+017	1.3089E+017	-5.902E+040	7.1106E+040	1.3629E+022	1.6879E+021	0.0010857	0.00017739	0.00221	1.2911E-05	0	3477.032
140	18/03/2019	11:28:05	77.477847	11.4683333333333	44	28	3	185	0.0013961	9.0742E+015	982620000000000	4.082E+017	1.0197E+018	9.7453E+042	5.5397E+041	4.6088E+022	1.315E+022	-0.0059916	0.001382	0.024429	-1.1424E-05	0	1524.259
141	18/03/2019	11:28:47	77.478333	11.48	44	28	6	185	0.00045076	1.9495E+016	317260000000000	2.4854E+018	3.2923E+017	3.2328E+043	1.7886E+041	1.8222E+023	4.2458E+021	0.0088845	0.00044621	-0.010014	-6.4995E-05	0	7375.867
142	18/03/2019	11:30:12	77.479306	11.5033333333333	44	28	18	185	0.00052145	8988300000000001	367010000000000	1.1061E+018	3.8086E+017	1.5168E+043	2.0691E+041	7.3741E+022	4.9116E+021	0.0096175	0.00051619	-0.0030133	4.5296E-06	0	11251.07
143	18/03/2019	11:30:56	77.479826	11.5158333333333	44	28	30	185	0.00055195	5785700000000000	388480000000000	1.5164E+018	4.0315E+017	6.8631E+042	2.1901E+041	1.6672E+022	5.199E+021	0.012355	0.00054639	-0.0022101	8.9706E-06	0	11534.6
144	18/03/2019	11:32:27	77.480868	11.5408333333333	44	28	60	185	0.00047779	2419900000000000	336280000000000	6.6056E+017	3.4898E+017	3.9732E+041	1.8959E+041	-3.7539E+021	4.5004E+021	0.015294	0.00047297	-0.0034507	7.9873E-06	0	8732.55
145	18/03/2019	11:33:47	77.481806	11.5633333333333	44	28	89	185	0.00016294	1559300000000000	114680000000000	-3.9802E+017	1.1901E+017	5.4789E+040	6.4654E+040	1.251E+022	1.5348E+021	0.00090894	0.0001613	-0.0006755	3.3168E-05	0	3299.629
146	18/03/2019	11:34:44	77.482465	11.5791666666667	44	28	3	185	0.0010459	1.049E+016	736100000000000	-2.8686E+016	7.6389E+017	1.0494E+043	4.1499E+041	4.7585E+022	9.8512E+021	-0.00026521	0.0010353	0.023363	2.4707E-05	0	1882.29
147	18/03/2019	11:35:27	77.482951	11.5908333333333	44	28	6	185	0.0004676	1.8918E+016	329110000000000	1.9076E+018	3.4153E+017	3.2424E+043	1.8554E+041	1.8222E+023	4.4045E+021	0.0085137	0.00046288	-0.0090059	-3.8932E-05	0	8558.906
148	18/03/2019	11:36:51	77.483924	11.6141666666667	44	28	18	185	0.00052096	8069900000000001	366670000000000	1.0946E+018	3.8051E+017	1.5161E+043	2.0672E+041	7.4194E+022	4.9071E+021	0.0093434	0.00051571	-0.0048886	1.0843E-05	0	11250.75
149	18/03/2019	11:37:36	77.484444	11.6266666666667	44	28	30	185	0.00055646	4860300000000001	391660000000000	1.8767E+018	4.0644E+017	6.138E+042	2.208E+041	7.998E+021	5.2415E+021	0.013204	0.00055085	-0.00506	1.9866E-05	0	11537.86
150	18/03/2019	11:39:05	77.485486	11.6516666666667	44	28	60	185	0.00062875	2811800000000000	442530000000000	-2.3036E+018	4.5924E+017	1.0061E+042	2.4949E+041	7.5299E+022	5.9224E+021	0.024624	0.00062241	-0.0012343	7.4073E-05	0	9427.977
151	18/03/2019	11:40:26	77.486424	11.6741666666667	44	28	89	185	0.00017406	2867700000000000	122510000000000	-1.1028E+017	1.2713E+017	1.4484E+041	6.9066E+040	7.7232E+021	1.6395E+021	0.0016077	0.0001723	-0.00018782	4.558E-05	0	3457.985
152	18/03/2019	11:41:23	77.487083	11.69	44	28	3	185	0.0011526	9.6853E+015	811240000000000	2.2659E+018	8.4186E+017	1.1893E+043	4.5735E+041	6.3853E+022	1.0857E+022	-0.00078148	0.001141	0.022927	1.8286E-05	0	1781.669
153	18/03/2019	11:42:05	77.487569	11.7016666666667	44	28	6	185	0.00047168	1.8621E+016	331980000000000	2.8545E+018	3.4451E+017	3.274E+043	1.8716E+041	1.8747E+023	4.4428E+021	0.0085444	0.00046692	-0.010802	-5.5502E-05	0	8094.664
154	18/03/2019	11:43:29	77.488542	11.725	44	28	18	185	0.00052849	7932600000000000	371960000000000	1.5111E+018	3.8601E+017	1.5936E+043	2.097E+041	7.6106E+022	4.978E+021	0.0087655	0.00052315	-0.0053993	9.1006E-06	0	11153.26
155	18/03/2019	11:44:14	77.489063	11.7375	44	28	30	185	0.00052931	4413800000000000	372540000000000	1.3061E+018	3.866E+017	6.9094E+042	2.1003E+041	4.0964E+022	4.9857E+021	0.014876	0.00052397	-0.0054032	1.8014E-05	0	11087.14
156	18/03/2019	11:45:44	77.490104	11.7625	44	28	60	185	0.00098048	3438100000000000	690090000000000	-1.6429E+019	7.1614E+017	-7.9579E+042	3.8905E+041	2.978E+022	9.2354E+021	0.022096	0.00097059	0.010654	0.00023523	0	10842.44
157	18/03/2019	11:47:06	77.491042	11.785	44	28	89	185	0.00019569	2.0224E+015	137730000000000	2.9597E+017	1.4293E+017	6.5871E+041	7.765E+040	4.679E+021	1.8433E+021	-0.0017297	0.00019372	-0.0022855	6.4447E-05	0	3346.459
158	18/03/2019	11:48:02	77.491701	11.8008333333333	44	28	3	185	0.0010059	8599299999999999	708000000000000	2.5452E+017	7.3472E+017	1.2495E+043	3.9915E+041	7.858E+022	9.475E+021	0.0016699	0.00099577	0.017198	2.5415E-05	0	1949.479
159	18/03/2019	11:48:42	77.492164	11.8119444444444	44	28	6	185	0.00048345	1.7116E+016	340260000000000	2.6306E+018	3.5311E+017	3.4114E+043	1.9183E+041	1.917E+023	4.5537E+021	0.008349	0.00047857	-0.013	-3.4801E-05	0	8524.068
160	18/03/2019	11:50:06	77.493137	11.8352777777778	44	28	18	185	0.00052687	6930300000000000	370830000000000	2.0187E+018	3.8482E+017	1.5801E+043	2.0906E+041	7.2257E+022	4.9627E+021	0.0087666	0.00052155	-0.0068872	2.2652E-05	0	11235.06
161	18/03/2019	11:50:51	77.493657	11.8477777777778	44	28	30	185	0.00054727	4.3801E+015	385190000000000	6.4643E+017	3.9973E+017	6.5185E+042	2.1716E+041	3.5634E+022	5.1549E+021	0.013249	0.00054175	-0.0062818	2.9408E-05	0	11584.3
162	18/03/2019	11:53:43	77.495648	11.8955555555556	44	28	89	185	0.00019593	1168700000000000	137900000000000	1.0076E+018	1.4311E+017	1.1618E+042	7.7745E+040	-1.2442E+021	1.8455E+021	-0.0013748	0.00019395	-0.0017024	7.1273E-05	0	3367.82
163	18/03/2019	11:54:40	77.496308	11.9113888888889	44	28	3	185	0.0013686	8287400000000000	963270000000000	4.6939E+017	9.9963E+017	1.0868E+043	5.4306E+041	6.9225E+022	1.2891E+022	-0.0022762	0.0013548	0.019114	2.9169E-05	0	1576.292
164	18/03/2019	11:55:23	77.496794	11.9230555555556	44	28	6	185	0.00047174	1.7811E+016	332020000000000	2.8963E+018	3.4455E+017	3.406E+043	1.8718E+041	1.8864E+023	4.4434E+021	0.0090677	0.00046698	-0.015267	-3.321E-05	0	8208.284
165	18/03/2019	11:56:47	77.497766	11.9463888888889	44	28	18	185	0.0005388	7667200000000000	379220000000000	1.6275E+018	3.9354E+017	1.5976E+043	2.1379E+041	6.7719E+022	5.0751E+021	0.0089028	0.00053336	-0.0097971	2.6136E-05	0	11467.34
166	18/03/2019	12:00:23	77.500266	12.0063888888889	44	28	89	185	0.00020856	707230000000000	146790000000000	-1.6007E+017	1.5233E+017	1.204E+042	8.2754E+040	3.5055E+021	1.9644E+021	0.00034889	0.00020645	-0.0015818	9.2777E-05	0	3351.517
167	18/03/2019	12:01:20	77.500926	12.0222222222222	44	28	3	185	0.0013323	9.536E+015	937690000000000	2.96E+018	9.7309E+017	1.2187E+043	5.2864E+041	9.3013E+022	1.2549E+022	-0.0051081	0.0013188	0.019885	5.1799E-05	0	1658.32
168	18/03/2019	12:02:01	77.501412	12.0338888888889	44	28	6	185	0.00046259	1.7745E+016	325580000000000	2.879E+018	3.3787E+017	3.5293E+043	1.8355E+041	1.9457E+023	4.3572E+021	0.0084821	0.00045792	-0.016767	-3.6476E-05	0	7971.365
169	18/03/2019	12:03:26	77.502384	12.0572222222222	44	28	18	185	0.0005252	7449400000000000	369650000000000	2.5409E+018	3.836E+017	1.7046E+043	2.084E+041	6.8815E+022	4.947E+021	0.0072917	0.0005199	-0.008985	2.7669E-05	0	11240.24
170	18/03/2019	12:04:09	77.502894	12.0694444444444	44	28	30	185	0.00053488	4.1061E+015	376460000000000	5.795E+017	3.9067E+017	7.5001E+042	2.1224E+041	4.3872E+022	5.0382E+021	0.014197	0.00052948	-0.0089164	3.7201E-05	0	10939.97
171	18/03/2019	12:07:00	77.504873	12.1169444444444	44	28	89	185	0.00026877	551270000000000	189170000000000	8.4606E+017	1.9631E+017	6.8439E+041	1.0665E+041	2.3266E+021	2.5316E+021	0.00045462	0.00026606	0.0011791	0.0001223	0	3286.58
172	18/03/2019	12:07:58	77.505532	12.1327777777778	44	28	3	185	0.0013874	7594700000000000	976530000000000	5.4196E+018	1.0134E+018	1.1414E+043	5.5053E+041	6.3296E+022	1.3069E+022	-0.0042078	0.0013734	0.018974	2.5626E-05	0	1542.223
173	18/03/2019	12:08:37	77.505995	12.1438888888889	44	28	6	185	0.00042969	1.7445E+016	302430000000000	2.6955E+018	3.1385E+017	3.3968E+043	1.705E+041	1.9086E+023	4.0474E+021	0.007866	0.00042536	-0.015676	-3.358E-05	0	7185.278
174	18/03/2019	12:10:01	77.506968	12.1672222222222	44	28	18	185	0.00053135	7020900000000000	373980000000000	1.9117E+018	3.881E+017	1.7188E+043	2.1084E+041	7.1322E+022	5.005E+021	0.0091274	0.00052599	-0.010301	3.134E-05	0	11498.22
175	18/03/2019	12:10:47	77.507488	12.1797222222222	44	28	30	185	0.00051947	2706400000000000	365620000000000	2.6321E+018	3.7942E+017	8.2719E+042	2.0613E+041	3.2868E+022	4.8931E+021	0.011964	0.00051423	-0.009615	4.2594E-05	0	10707.56
176	18/03/2019	12:11:31	77.508009	12.1922222222222	44	28	48	185	0.00054369	631950000000000	382660000000000	2.7938E+018	3.9711E+017	3.876E+042	2.1573E+041	2.6342E+021	5.1211E+021	0.016297	0.0005382	-0.012089	1.1449E-05	0	10346.4
177	18/03/2019	12:13:37	77.509468	12.2272222222222	44	28	89	185	0.00031648	390630000000000	222740000000000	2.0668E+018	2.3115E+017	5.1718E+041	1.2558E+041	-5.0981E+021	2.981E+021	-0.003185	0.00031328	0.0013851	0.00015034	0	3300.679
178	18/03/2019	12:14:35	77.510127	12.2430555555556	44	28	3	185	0.0014363	8723599999999999	1.0109E+015	3.1381E+018	1.0491E+018	1.2698E+043	5.6993E+041	7.5776E+022	1.3529E+022	-0.0073212	0.0014218	0.018176	4.691E-05	0	1546.668
179	18/03/2019	12:15:16	77.510613	12.2547222222222	44	28	6	185	0.0004735	1.8403E+016	333260000000000	3.8249E+018	3.4584E+017	3.5994E+043	1.8788E+041	1.9015E+023	4.46E+021	0.0074549	0.00046872	-0.019025	-2.2489E-05	0	7920.624
180	18/03/2019	12:16:40	77.511586	12.2780555555556	44	28	18	185	0.00053976	7481300000000000	379900000000000	2.1771E+018	3.9424E+017	1.7837E+043	2.1417E+041	7.1073E+022	5.0841E+021	0.0096528	0.00053431	-0.012383	5.0982E-05	0	11788.02
181	18/03/2019	12:17:26	77.512106	12.2905555555556	44	28	30	185	0.00050595	3512600000000000	356100000000000	1.5736E+018	3.6954E+017	7.6278E+042	2.0076E+041	3.5798E+022	4.7657E+021	0.012435	0.00050084	-0.012511	5.1879E-05	0	10305.45
182	18/03/2019	12:18:11	77.512627	12.3030555555556	44	28	48	185	0.00054558	1072600000000000	383990000000000	-4097500000000000	3.9849E+017	1.6505E+042	2.1648E+041	-2.6423E+021	5.139E+021	0.014947	0.00054008	-0.015146	2.4119E-05	0	10158.66
183	18/03/2019	12:20:17	77.514086	12.3380555555556	44	28	89	185	0.00028318	472360000000000	199310000000000	4.5447E+017	2.0683E+017	1.6361E+042	1.1236E+041	-2.519E+021	2.6673E+021	-0.0035112	0.00028032	-0.0016682	0.00016129	0	3093.861
184	18/03/2019	12:21:14	77.514745	12.3538888888889	44	28	3	185	0.0013076	9.052E+015	920330000000000	3.9116E+018	9.5507E+017	1.4371E+043	5.1885E+041	6.02E+022	1.2317E+022	-0.0083607	0.0012944	0.017283	8.7556E-05	0	1676.543
185	18/03/2019	12:21:56	77.515231	12.3655555555556	44	28	6	185	0.0004824	1.7209E+016	339530000000000	3.0896E+018	3.5234E+017	3.6883E+043	1.9141E+041	1.9548E+023	4.5439E+021	0.0074412	0.00047753	-0.018945	2.6917E-06	0	8589.43
186	18/03/2019	12:23:20	77.516204	12.3888888888889	44	28	18	185	0.00053404	7533700000000000	375880000000000	2.0586E+018	3.9006E+017	1.7845E+043	2.1191E+041	7.7641E+022	5.0303E+021	0.0089001	0.00052866	-0.013465	4.3084E-05	0	11595.9
187	18/03/2019	12:24:04	77.516725	12.4013888888889	44	28	30	185	0.00051052	4521100000000000	359320000000000	1.7688E+018	3.7288E+017	8.2181E+042	2.0257E+041	2.2664E+022	4.8088E+021	0.010935	0.00050537	-0.011321	6.5678E-05	0	10702.34
188	18/03/2019	12:24:50	77.517245	12.4138888888889	44	28	48	185	0.00047564	785440000000000	334770000000000	8.451E+017	3.474E+017	3.7976E+042	1.8873E+041	2.7011E+022	4.4801E+021	0.014369	0.00047084	-0.013574	4.8071E-05	0	8712.88
189	18/03/2019	12:26:55	77.518704	12.4488888888889	44	28	89	185	0.00033353	569670000000000	234750000000000	3.6983E+017	2.4361E+017	1.4991E+042	1.3234E+041	1.4696E+022	3.1416E+021	-0.0042446	0.00033016	-0.00022149	0.00019685	0	2966.966
190	18/03/2019	12:27:52	77.519363	12.4647222222222	44	28	3	185	0.001519	1.0498E+016	1069100000000000	3.8085E+018	1.1095E+018	1.3379E+043	6.0275E+041	7.0766E+022	1.4308E+022	-0.011244	0.0015037	0.016424	6.5399E-05	0	1490.593
191	18/03/2019	12:28:35	77.51985	12.4763888888889	44	28	6	185	0.00047208	2.0175E+016	332260000000000	3.983E+018	3.4481E+017	3.6712E+043	1.8732E+041	1.9533E+023	4.4466E+021	0.0073937	0.00046732	-0.019661	-7.7738E-06	0	8207.93
192	18/03/2019	12:29:57	77.520799	12.4991666666667	44	28	18	185	0.00052754	7596600000000000	371300000000000	1.6864E+018	3.8531E+017	1.869E+043	2.0933E+041	8.0428E+022	4.969E+021	0.008822	0.00052222	-0.014424	5.2818E-05	0	10841.45
193	18/03/2019	12:30:42	77.521319	12.5116666666667	44	28	30	185	0.00055122	2669700000000000	387960000000000	2.5138E+018	4.0261E+017	9.1241E+042	2.1872E+041	3.8062E+022	5.1921E+021	0.012007	0.00054566	-0.014302	4.7673E-05	0	12039.67
194	18/03/2019	12:31:26	77.52184	12.5241666666667	44	28	48	185	0.0006408	1833600000000000	451010000000000	1.0547E+018	4.6804E+017	-2.6828E+041	2.5427E+041	-1.4221E+022	6.0359E+021	0.013195	0.00063433	-0.0044381	0.00014244	0	10546.92
195	18/03/2019	12:32:12	77.522361	12.5366666666667	44	28	60	185	0.0010253	3145100000000000	721640000000000	-2.9891E+018	7.4888E+017	-7.4597E+041	4.0684E+041	-1.7245E+022	9.6577E+021	0.0047752	0.001015	0.028552	0.00040379	0	11988.96
196	18/03/2019	12:33:33	77.523299	12.5591666666667	44	28	89	185	0.00038928	-142240000000000	273980000000000	-1.764E+018	2.8433E+017	2.3292E+042	1.5446E+041	-1.5633E+022	3.6667E+021	-0.0029108	0.00038535	0.0045686	0.0002203	0	3006.656
197	18/03/2019	12:34:29	77.523958	12.575	44	28	3	185	0.0015586	7458500000000000	1097000000000000	5.9653E+018	1.1384E+018	1.4707E+043	6.1843E+041	7.4411E+022	1.4681E+022	-0.014364	0.0015428	0.017585	3.3976E-05	0	1452.432
198	18/03/2019	12:35:11	77.524444	12.5866666666667	44	28	6	185	0.00045821	1.9842E+016	322500000000000	3.7027E+018	3.3468E+017	3.7149E+043	1.8182E+041	2.0321E+023	4.316E+021	0.0070907	0.00045359	-0.020373	-2.6548E-05	0	7514.86
199	18/03/2019	12:36:36	77.525417	12.61	44	28	18	185	0.00051858	1.0409E+016	364990000000000	2.4289E+018	3.7877E+017	1.8474E+043	2.0577E+041	8.3266E+022	4.8847E+021	0.0073215	0.00051335	-0.014209	3.6698E-05	0	10888.01
200	18/03/2019	12:37:21	77.525937	12.6225	44	28	30	185	0.00049913	3122400000000000	351300000000000	1.6147E+018	3.6456E+017	9.7281E+042	1.9805E+041	4.6698E+022	4.7014E+021	0.012283	0.00049409	-0.012336	5.1268E-05	0	9588.242
201	18/03/2019	12:38:05	77.526458	12.635	44	28	48	185	0.00082418	309570000000000	580080000000000	-8.2303E+018	6.0198E+017	-1.9086E+041	3.2703E+041	1.1985E+022	7.7632E+021	0.026308	0.00081587	0.010672	0.000353	0	11931.27
202	18/03/2019	12:38:51	77.526979	12.6475	44	28	60	185	0.0010965	2976800000000000	771730000000000	-3.1885E+018	8.0086E+017	2.3667E+042	4.3508E+041	3.2652E+022	1.0328E+022	0.010937	0.0010854	0.034549	0.00042379	0	12478.84
203	18/03/2019	12:40:12	77.527917	12.67	44	28	89	185	0.00037419	-516820000000000	263360000000000	-8.1883E+017	2.733E+017	2.5801E+042	1.4848E+041	2.9844E+022	3.5246E+021	-0.0031027	0.00037041	0.0058404	0.00020625	0	3039.259
204	18/03/2019	12:41:28	77.528796	12.6911111111111	44	28	3	185	0.0010568	1.0937E+016	743830000000000	7.1724E+018	7.7191E+017	1.8166E+043	4.1935E+041	7.962E+022	9.9546E+021	-0.0087086	0.0010462	0.019295	8.8043E-05	0	2811.984
205	18/03/2019	12:47:10	77.532766	12.7863888888889	44	28	89	185	0.00061262	591270000000000	431180000000000	-5.5854E+017	4.4746E+017	6.0667E+041	2.4309E+041	1.3081E+021	5.7704E+021	-0.0024987	0.00060644	0.0065145	0.00027655	0	6270.067
206	18/03/2019	12:48:25	77.533623	12.8069444444444	44	28	3	185	0.001637	8619700000000000	1152200000000000	5.8319E+018	1.1957E+018	1.5172E+043	6.4955E+041	6.1396E+022	1.5419E+022	-0.011017	0.0016205	0.015264	2.8237E-05	0	1395.29
207	18/03/2019	12:49:06	77.534109	12.8186111111111	44	28	6	185	0.00043407	2.1532E+016	305510000000000	4.5471E+018	3.1705E+017	3.7603E+043	1.7224E+041	1.9719E+023	4.0886E+021	0.0071553	0.00042969	-0.021054	-3.1311E-05	0	6981.613
208	18/03/2019	12:49:48	77.534595	12.8302777777778	44	28	12	185	0.00054061	1.3628E+016	380500000000000	3.3445E+018	3.9486E+017	3.1442E+043	2.1451E+041	1.3965E+023	5.0922E+021	0.0057542	0.00053516	-0.015498	3.3673E-05	0	12294.02
209	18/03/2019	12:50:30	77.535081	12.8419444444444	44	28	18	185	0.00052729	7928300000000000	371120000000000	3.3917E+018	3.8513E+017	2.1622E+043	2.0923E+041	8.5797E+022	4.9667E+021	0.0071954	0.00052197	-0.015414	3.5372E-05	0	11683.06
210	18/03/2019	12:51:16	77.535602	12.8544444444444	44	28	30	185	0.00045338	3196300000000000	319100000000000	3.0101E+018	3.3114E+017	1.1407E+043	1.799E+041	5.1928E+022	4.2705E+021	0.0071563	0.0004488	-0.014173	5.1196E-05	0	8290.209
211	18/03/2019	12:52:00	77.536123	12.8669444444444	44	28	48	185	0.00054995	912970000000000	387070000000000	2.5106E+018	4.0168E+017	3.1019E+042	2.1822E+041	-7.6617E+021	5.1801E+021	0.00632	0.0005444	0.0069989	0.00027583	0	8063.411
212	18/03/2019	12:52:46	77.536644	12.8794444444444	44	28	60	185	0.001276	4613500000000000	898060000000000	-3.6652E+018	9.3196E+017	-1.7025E+042	5.063E+041	6.1624E+022	1.2019E+022	0.015168	0.0012631	0.032259	0.00049599	0	10326.07
213	18/03/2019	12:54:06	77.537581	12.9019444444444	44	28	89	185	0.0004617	663480000000000	324960000000000	2.2362E+018	3.3723E+017	2.0467E+042	1.832E+041	1.6448E+022	4.3489E+021	-0.0055451	0.00045704	0.0028185	0.00024523	0	3048.57
214	18/03/2019	12:56:01	77.538912	12.9338888888889	44	28	3	185	0.0017347	9.7551E+015	1220900000000000	7.9008E+018	1.267E+018	1.4645E+043	6.8831E+041	8.236E+022	1.6339E+022	-0.012868	0.0017172	0.014372	2.8158E-05	0	1361.358
215	18/03/2019	12:56:44	77.539398	12.9455555555556	44	28	6	185	0.00044572	1.954E+016	313710000000000	5.3533E+018	3.2555E+017	3.8963E+043	1.7686E+041	2.0102E+023	4.1984E+021	0.0055878	0.00044122	-0.020655	-1.8621E-05	0	7012.725
216	18/03/2019	12:57:25	77.539884	12.9572222222222	44	28	12	185	0.00053662	1.2855E+016	377690000000000	4.1952E+018	3.9195E+017	3.1857E+043	2.1293E+041	1.3542E+023	5.0546E+021	0.0047393	0.00053121	-0.014456	4.3998E-05	0	11862.27
217	18/03/2019	12:58:08	77.54037	12.9688888888889	44	28	18	185	0.00052866	1.0551E+016	372080000000000	3.6335E+018	3.8613E+017	2.1612E+043	2.0977E+041	8.3933E+022	4.9796E+021	0.0071463	0.00052332	-0.014179	3.7501E-05	0	11149.65
218	18/03/2019	12:58:52	77.540891	12.9813888888889	44	28	30	185	0.00045041	3240300000000000	317010000000000	3.078E+018	3.2898E+017	1.0993E+043	1.7872E+041	3.458E+022	4.2425E+021	0.0057621	0.00044586	-0.012478	5.3092E-05	0	8472.804
219	18/03/2019	12:59:38	77.541412	12.9938888888889	44	28	48	185	0.00051529	622830000000000	362670000000000	1.206E+018	3.7636E+017	5.4487E+042	2.0446E+041	2.8388E+022	4.8536E+021	0.0048608	0.00051009	0.010343	0.00024523	0	7546.221
220	18/03/2019	13:00:23	77.541933	13.0063888888889	44	28	60	185	0.0010534	1449300000000000	741380000000000	1.0416E+019	7.6937E+017	6.6487E+042	4.1797E+041	2.1612E+022	9.9219E+021	0.0019256	0.0010427	0.032536	0.00044157	0	8740.822
221	18/03/2019	13:01:43	77.54287	13.0288888888889	44	28	89	185	0.00042238	980080000000000	297290000000000	2.6288E+018	3.0851E+017	9.7405E+041	1.676E+041	6.0872E+021	3.9785E+021	-0.0042229	0.00041812	0.0070827	0.00021747	0	2988.379
222	18/03/2019	13:02:40	77.54353	13.0447222222222	44	28	3	185	0.0017369	1.0203E+016	1222500000000000	8.0594E+018	1.2686E+018	1.6099E+043	6.8918E+041	7.734E+022	1.636E+022	-0.01052	0.0017193	0.017012	1.4938E-05	0	1353.52
223	18/03/2019	13:03:23	77.544016	13.0563888888889	44	28	6	185	0.00042385	2.1183E+016	298320000000000	4.9785E+018	3.0958E+017	3.8799E+043	1.6818E+041	2.0276E+023	3.9924E+021	0.0072287	0.00041958	-0.018989	-3.5895E-05	0	6778.339
224	18/03/2019	13:04:04	77.544502	13.0680555555556	44	28	12	185	0.00052662	1.5496E+016	370650000000000	4.5577E+018	3.8464E+017	3.0902E+043	2.0896E+041	1.3559E+023	4.9603E+021	0.0053196	0.0005213	-0.013809	2.8144E-05	0	11561.07
225	18/03/2019	13:04:47	77.544988	13.0797222222222	44	28	18	185	0.00050327	9.8325E+015	354220000000000	4.151E+018	3.6759E+017	2.0862E+043	1.997E+041	8.9358E+022	4.7404E+021	0.0063602	0.00049819	-0.012969	3.3897E-05	0	10554.84
226	18/03/2019	13:05:32	77.545509	13.0922222222222	44	28	30	185	0.00044377	4906500000000000	312340000000000	3.7725E+018	3.2413E+017	1.1522E+043	1.7609E+041	5.1195E+022	4.18E+021	0.0086881	0.00043929	-0.01247	4.0873E-05	0	8495.556
227	18/03/2019	13:06:17	77.54603	13.1047222222222	44	28	48	185	0.00053477	2937600000000000	376380000000000	1.9412E+018	3.9059E+017	3.9475E+042	2.1219E+041	1.4211E+022	5.0371E+021	0.0081772	0.00052937	0.0084696	0.00021589	0	7147.377
228	18/03/2019	13:07:02	77.546551	13.1172222222222	44	28	60	185	0.001471	3903800000000000	1.0353E+015	-9.1828E+018	1.0744E+018	-5.7877E+042	5.8367E+041	-9.7187E+022	1.3855E+022	0.0069079	0.0014561	0.028745	0.00041426	0	7879.047
229	18/03/2019	13:08:22	77.547488	13.1397222222222	44	28	89	185	0.00045524	1489400000000000	320410000000000	4.069E+018	3.3251E+017	2.7663E+042	1.8064E+041	1.1998E+022	4.288E+021	-0.0066116	0.00045065	0.0023571	0.00018435	0	2877.221
230	18/03/2019	13:09:20	77.548148	13.1555555555556	44	28	3	185	0.0018472	9.9473E+015	1300100000000000	6.2489E+018	1.3492E+018	1.6909E+043	7.3297E+041	8.9428E+022	1.7399E+022	-0.013619	0.0018286	0.015591	-9.1877E-06	0	1290.815
231	18/03/2019	13:10:01	77.548634	13.1672222222222	44	28	6	185	0.00039897	2.1408E+016	280810000000000	6.439E+018	2.9141E+017	4.0402E+043	1.5831E+041	1.9838E+023	3.758E+021	0.0057017	0.00039494	-0.017584	-3.7756E-05	0	6374.325
232	18/03/2019	13:10:43	77.54912	13.1788888888889	44	28	12	185	0.00051799	1.7544E+016	364570000000000	4.6432E+018	3.7834E+017	3.1523E+043	2.0554E+041	1.4155E+023	4.8791E+021	0.0051878	0.00051276	-0.012553	2.0871E-05	0	11123.18
233	18/03/2019	13:11:25	77.549606	13.1905555555556	44	28	18	185	0.00050228	1.4703E+016	353520000000000	4.675E+018	3.6687E+017	2.1771E+043	1.993E+041	9.7099E+022	4.7312E+021	0.005986	0.00049722	-0.013009	1.7077E-05	0	10072.63
234	18/03/2019	13:12:10	77.550127	13.2030555555556	44	28	30	185	0.00046111	6107700000000000	324540000000000	4.422E+018	3.368E+017	1.2006E+043	1.8297E+041	4.7219E+022	4.3433E+021	0.0085476	0.00045646	-0.012542	1.4209E-05	0	8989.379
235	18/03/2019	13:12:55	77.550648	13.2155555555556	44	28	48	185	0.00042426	3201700000000000	298600000000000	1.59E+018	3.0988E+017	6.4352E+042	1.6834E+041	3.3902E+022	3.9962E+021	0.0065444	0.00041998	0.0067545	0.00017401	0	6690.071
236	18/03/2019	13:13:40	77.551169	13.2280555555556	44	28	60	185	0.00083015	4600900000000000	584280000000000	3.0084E+018	6.0634E+017	1.3602E+042	3.294E+041	1.4183E+022	7.8194E+021	0.0079211	0.00082177	0.024832	0.00037872	0	6796.213
237	18/03/2019	13:15:02	77.552106	13.2505555555556	44	28	89	185	0.00044787	3106300000000000	315220000000000	2.4177E+018	3.2712E+017	3.2002E+042	1.7771E+041	7.3215E+021	4.2186E+021	-0.0076877	0.00044335	0.0031246	0.00016353	0	2686.751
238	18/03/2019	13:15:59	77.552766	13.2663888888889	44	28	3	185	0.0018767	1.2209E+016	1320900000000000	9.4136E+018	1.3707E+018	1.6769E+043	7.4467E+041	8.174E+022	1.7677E+022	-0.015742	0.0018578	0.017455	-2.5044E-05	0	1275.533
239	18/03/2019	13:16:40	77.553252	13.2780555555556	44	28	6	185	0.00039294	2.5791E+016	276560000000000	5.7841E+018	2.87E+017	3.898E+043	1.5592E+041	2.1188E+023	3.7012E+021	0.0065289	0.00038898	-0.014561	-4.9777E-05	0	6409.316
240	18/03/2019	13:17:23	77.553738	13.2897222222222	44	28	12	185	0.00051267	1.7675E+016	360830000000000	4.8885E+018	3.7445E+017	3.1608E+043	2.0343E+041	1.4846E+023	4.829E+021	0.0057851	0.0005075	-0.010026	5.2295E-06	0	11140.82
241	18/03/2019	13:18:05	77.554225	13.3013888888889	44	28	18	185	0.0004884	9.5749E+015	343750000000000	4.3897E+018	3.5673E+017	2.179E+043	1.938E+041	1.0218E+023	4.6004E+021	0.0060849	0.00048347	-0.0098101	3.5006E-06	0	9967.485
242	18/03/2019	13:18:50	77.554745	13.3138888888889	44	28	30	185	0.00042816	4907100000000000	301350000000000	4.0522E+018	3.1273E+017	1.2853E+043	1.6989E+041	5.9582E+022	4.033E+021	0.0064738	0.00042384	-0.0081404	1.4166E-05	0	7853.339
243	18/03/2019	13:19:35	77.555266	13.3263888888889	44	28	48	185	0.00045377	2316600000000000	319380000000000	2.305E+018	3.3143E+017	5.9714E+042	1.8006E+041	3.4181E+022	4.2742E+021	0.0093345	0.00044919	0.0082763	0.00015187	0	7104.314
244	18/03/2019	13:20:19	77.555787	13.3388888888889	44	28	60	185	0.00088438	3256200000000000	622450000000000	2.5281E+018	6.4595E+017	5.9204E+042	3.5092E+041	-2.6551E+022	8.3302E+021	-0.003288	0.00087546	0.028914	0.0003541	0	6814.072
245	18/03/2019	13:21:41	77.556725	13.3613888888889	44	28	89	185	0.00038283	1877300000000000	269450000000000	1.149E+018	2.7962E+017	3.9019E+042	1.5191E+041	1.7464E+021	3.606E+021	-0.0059873	0.00037897	0.0062199	0.00013574	0	2780.529
246	18/03/2019	13:22:38	77.557384	13.3772222222222	44	28	3	185	0.00193	1.0875E+016	1358400000000000	6.1009E+018	1.4097E+018	1.7749E+043	7.6581E+041	1.1878E+023	1.8179E+022	-0.013059	0.0019105	0.020025	-4.7589E-05	0	1257.432
247	18/03/2019	13:23:20	77.55787	13.3888888888889	44	28	6	185	0.00038823	2.3828E+016	273250000000000	6.7432E+018	2.8356E+017	4.1093E+043	1.5405E+041	2.2833E+023	3.6568E+021	0.0058056	0.00038431	-0.013714	-7.1874E-05	0	6317.326
248	18/03/2019	13:24:01	77.558356	13.4005555555556	44	28	12	185	0.00050962	1.8543E+016	358690000000000	5.658E+018	3.7223E+017	3.311E+043	2.0222E+041	1.5612E+023	4.8003E+021	0.0044953	0.00050448	-0.0085555	-9.4489E-06	0	10871.88
249	18/03/2019	13:24:43	77.558843	13.4122222222222	44	28	18	185	0.00046787	1.3486E+016	329300000000000	4.8097E+018	3.4173E+017	2.2775E+043	1.8565E+041	1.0493E+023	4.407E+021	0.0057631	0.00046315	-0.0082039	-1.4625E-05	0	9430.647
250	18/03/2019	13:25:28	77.559363	13.4247222222222	44	28	30	185	0.00040051	6131700000000000	281890000000000	3.6787E+018	2.9253E+017	1.3052E+043	1.5892E+041	5.3692E+022	3.7725E+021	0.0055559	0.00039647	-0.006693	2.2333E-06	0	7104.678
251	18/03/2019	13:26:14	77.559884	13.4372222222222	44	28	48	185	0.000394	4181000000000000	277310000000000	2.5056E+018	2.8778E+017	7.2438E+042	1.5634E+041	3.4991E+022	3.7112E+021	0.0046709	0.00039003	0.0079518	0.00012913	0	5915.426
252	18/03/2019	13:26:59	77.560405	13.4497222222222	44	28	60	185	0.00082432	4241700000000000	580180000000000	1.055E+019	6.0208E+017	8.5421E+042	3.2709E+041	9.3416E+022	7.7645E+021	0.00053954	0.000816	0.026331	0.00030681	0	5963.192
253	18/03/2019	13:28:19	77.561343	13.4722222222222	44	28	89	185	0.0003278	2.6066E+015	230710000000000	3.07E+018	2.3942E+017	4.379E+042	1.3007E+041	1.421E+022	3.0876E+021	-0.0080275	0.00032449	0.0043101	7.411E-05	0	2671.6
254	18/03/2019	13:29:17	77.562002	13.4880555555556	44	28	3	185	0.0019262	1.634E+016	1.3557E+015	9.9895E+018	1.4069E+018	1.8556E+043	7.6432E+041	9.0193E+022	1.8144E+022	-0.014838	0.0019068	0.022288	-6.2084E-05	0	1245.699
255	18/03/2019	13:29:59	77.562488	13.4997222222222	44	28	6	185	0.00040922	4.4446E+016	288020000000000	6.2051E+018	2.9889E+017	3.8437E+043	1.6238E+041	2.0906E+023	3.8545E+021	0.0064209	0.00040509	-0.010287	-8.2763E-05	0	6154.638
256	18/03/2019	13:30:40	77.562975	13.5113888888889	44	28	12	185	0.00050487	2.7155E+016	355340000000000	5.2915E+018	3.6875E+017	3.2845E+043	2.0033E+041	1.5029E+023	4.7555E+021	0.0051397	0.00049977	-0.0058736	-2.958E-05	0	10868.47
257	18/03/2019	13:31:23	77.563461	13.5230555555556	44	28	18	185	0.00047134	8110700000000000	331750000000000	5.4888E+018	3.4427E+017	2.3734E+043	1.8703E+041	1.097E+023	4.4397E+021	0.0036149	0.00046659	-0.0047657	-2.8834E-05	0	9051.996
258	18/03/2019	13:32:08	77.563981	13.5355555555556	44	28	30	185	0.00040715	5452900000000000	286560000000000	5.0919E+018	2.9738E+017	1.3911E+043	1.6155E+041	6.2377E+022	3.835E+021	0.0056751	0.00040304	-0.0038	-2.0194E-05	0	7340.083
259	18/03/2019	13:32:53	77.564502	13.5480555555556	44	28	48	185	0.00040352	2413600000000000	284010000000000	2.0718E+018	2.9473E+017	8.7917E+042	1.6012E+041	4.5489E+022	3.8009E+021	0.0070407	0.00039945	0.010786	0.00012352	0	5732.427
260	18/03/2019	13:33:38	77.565023	13.5605555555556	44	28	60	185	0.00072445	1461100000000000	509890000000000	1.0426E+019	5.2914E+017	8.4808E+042	2.8746E+041	-2.5258E+022	6.8238E+021	-0.0018388	0.00071714	0.027887	0.00028549	0	5567.859
261	18/03/2019	13:34:58	77.565961	13.5830555555556	44	28	89	185	0.00035643	1866400000000000	250870000000000	1.7526E+018	2.6034E+017	5.5288E+042	1.4143E+041	1.8677E+022	3.3573E+021	-0.0085852	0.00035283	0.0039736	5.5018E-05	0	2504.829
262	18/03/2019	13:35:55	77.56662	13.5988888888889	44	28	3	185	0.0019402	1.2004E+016	1.3656E+015	1.5002E+019	1.4171E+018	2.0249E+043	7.6988E+041	1.1185E+023	1.8276E+022	-0.017358	0.0019207	0.022369	-6.959E-05	0	1228.236
263	18/03/2019	13:36:38	77.567106	13.6105555555556	44	28	6	185	0.00039592	2.9243E+016	278660000000000	6.9627E+018	2.8918E+017	4.2558E+043	1.571E+041	2.2816E+023	3.7293E+021	0.0056054	0.00039192	-0.011002	-8.9955E-05	0	6040.887
264	18/03/2019	13:37:20	77.567593	13.6222222222222	44	28	12	185	0.00051538	2.4718E+016	362740000000000	6.1879E+018	3.7643E+017	3.4193E+043	2.045E+041	1.5771E+023	4.8545E+021	0.0044471	0.00051018	-0.0063286	-2.5929E-05	0	10900.06
265	18/03/2019	13:38:01	77.568079	13.6338888888889	44	28	18	185	0.00048443	2.1275E+016	340960000000000	5.9356E+018	3.5383E+017	2.2584E+043	1.9222E+041	1.0329E+023	4.563E+021	0.0066973	0.00047954	-0.006192	-2.7845E-05	0	9564.733
266	18/03/2019	13:38:46	77.5686	13.6463888888889	44	28	30	185	0.00037931	5086800000000000	266970000000000	4.9786E+018	2.7705E+017	1.4545E+043	1.5051E+041	6.3667E+022	3.5729E+021	0.0021578	0.00037549	-0.0039148	-1.138E-05	0	6591.706
267	18/03/2019	13:39:31	77.56912	13.6588888888889	44	28	48	185	0.00038918	3174300000000000	273910000000000	1.5374E+018	2.8425E+017	7.3876E+042	1.5442E+041	4.0325E+022	3.6658E+021	0.0041222	0.00038525	0.010611	0.00011428	0	5247.126
268	18/03/2019	13:40:17	77.569641	13.6713888888889	44	28	60	185	0.00096715	4.3382E+015	680710000000000	-9.1112E+018	7.0641E+017	-3.4674E+042	3.8376E+041	2.6634E+022	9.1099E+021	0.0064767	0.0009574	0.028715	0.00029095	0	5126.944
269	18/03/2019	13:41:38	77.570579	13.6938888888889	44	28	89	185	0.00037922	2573400000000000	266900000000000	3.7186E+018	2.7698E+017	4.8791E+042	1.5047E+041	2.765E+022	3.572E+021	-0.0075122	0.00037539	0.0037138	4.2665E-05	0	2591.545
270	18/03/2019	13:42:34	77.571238	13.7097222222222	44	28	3	185	0.002136	1.4572E+016	1503400000000000	1.0467E+019	1.5601E+018	1.9802E+043	8.4755E+041	1.0882E+023	2.0119E+022	-0.019298	0.0021144	0.02264	-9.3521E-05	0	1158.372
271	18/03/2019	13:43:16	77.571725	13.7213888888889	44	28	6	185	0.00038296	3.2667E+016	269530000000000	8.2898E+018	2.7971E+017	4.3723E+043	1.5196E+041	2.2815E+023	3.6072E+021	0.0030117	0.00037909	-0.0092544	-8.7098E-05	0	5595.049
272	18/03/2019	13:43:59	77.572211	13.7330555555556	44	28	12	185	0.00050277	2.5009E+016	353860000000000	6.5843E+018	3.6722E+017	3.6069E+043	1.995E+041	1.6166E+023	4.7357E+021	0.003287	0.0004977	-0.0060102	-3.8699E-05	0	10430.67
273	18/03/2019	13:44:41	77.572697	13.7447222222222	44	28	18	185	0.00043305	1.0891E+016	304800000000000	6.134E+018	3.163E+017	2.5377E+043	1.7183E+041	1.1559E+023	4.0791E+021	0.0027252	0.00042869	-0.0053706	-3.1927E-05	0	8248.632
274	18/03/2019	13:45:25	77.573218	13.7572222222222	44	28	30	185	0.00036403	6006100000000000	256220000000000	5.5134E+018	2.6589E+017	1.509E+043	1.4445E+041	6.9449E+022	3.4289E+021	0.0031344	0.00036036	-0.0037023	-1.6679E-05	0	6473.661
275	18/03/2019	13:46:10	77.573738	13.7697222222222	44	28	48	185	0.00048333	4593600000000000	340180000000000	5.2216E+018	3.5302E+017	6.5137E+042	1.9178E+041	2.8849E+022	4.5526E+021	-0.00025257	0.00047845	0.008548	0.00011086	0	4922.24
276	18/03/2019	13:46:55	77.574259	13.7822222222222	44	28	60	185	0.00065301	4775800000000000	459600000000000	6.8363E+018	4.7695E+017	8.2978E+042	2.5911E+041	-3.0413E+022	6.1508E+021	-0.011646	0.00064642	0.023492	0.0002581	0	4618.675
277	18/03/2019	13:48:17	77.575197	13.8047222222222	44	28	89	185	0.00039288	3926600000000000	276520000000000	6.0172E+018	2.8696E+017	6.7048E+042	1.5589E+041	3.9658E+022	3.7006E+021	-0.0087067	0.00038892	0.0021669	4.3703E-05	0	2382.162
278	18/03/2019	13:49:47	77.576238	13.8297222222222	44	28	3	185	0.0019125	1.3407E+016	1346100000000000	1.2073E+019	1.3969E+018	2.1688E+043	7.5887E+041	8.1515E+022	1.8014E+022	-0.012435	0.0018932	0.022446	-5.2765E-05	0	1306.467
279	18/03/2019	13:50:28	77.576725	13.8413888888889	44	28	6	185	0.00041706	3.118E+016	293540000000000	7.9987E+018	3.0462E+017	4.4741E+043	1.6549E+041	2.2596E+023	3.9284E+021	0.0040712	0.00041286	-0.0087793	-6.9138E-05	0	6232.923
280	18/03/2019	13:51:11	77.577211	13.8530555555556	44	28	12	185	0.00055018	2.4532E+016	387230000000000	6.9579E+018	4.0185E+017	3.8331E+043	2.1831E+041	1.6637E+023	5.1823E+021	0.0038203	0.00054463	-0.0065633	-2.6619E-05	0	12178.81
281	18/03/2019	13:51:52	77.577697	13.8647222222222	44	28	18	185	0.00048863	1.2917E+016	343910000000000	6.8523E+018	3.5689E+017	2.6832E+043	1.9388E+041	1.1254E+023	4.6025E+021	0.0027196	0.0004837	-0.006705	-2.5209E-05	0	9595.737
282	18/03/2019	13:52:38	77.578218	13.8772222222222	44	28	30	185	0.00040303	6805100000000000	283660000000000	6.0978E+018	2.9437E+017	1.6312E+043	1.5992E+041	6.6023E+022	3.7962E+021	0.003541	0.00039896	-0.0048851	2.0184E-06	0	7046.043
283	18/03/2019	13:53:22	77.578738	13.8897222222222	44	28	48	185	0.00048725	4141300000000000	342940000000000	9.4179E+018	3.5589E+017	1.323E+043	1.9334E+041	3.0523E+022	4.5895E+021	-0.0039984	0.00048234	0.0069699	0.00011571	0	5346.739
284	18/03/2019	13:54:07	77.579259	13.9022222222222	44	28	60	185	0.00069304	5351100000000000	487780000000000	8.0027E+018	5.0619E+017	5.0061E+042	2.75E+041	-2.895E+022	6.5279E+021	-0.009159	0.00068605	0.020298	0.00026774	0	4752.33
285	18/03/2019	13:55:28	77.580197	13.9247222222222	44	28	89	185	0.00039226	3609500000000000	276090000000000	5.9114E+018	2.8651E+017	6.9986E+042	1.5565E+041	2.1029E+022	3.6948E+021	-0.012007	0.0003883	0.0014006	4.4916E-05	0	2482.877
286	18/03/2019	13:56:25	77.580856	13.9405555555556	44	28	3	185	0.0021258	1.3431E+016	1496200000000000	1.2646E+019	1.5527E+018	2.5162E+043	8.4353E+041	1.1905E+023	2.0024E+022	-0.016683	0.0021044	0.022117	-6.8132E-05	0	1210.221
287	18/03/2019	13:57:07	77.581343	13.9522222222222	44	28	6	185	0.00039551	2.8643E+016	278370000000000	8.7431E+018	2.8888E+017	4.7759E+043	1.5694E+041	2.4494E+023	3.7254E+021	0.0010983	0.00039152	-0.0089709	-6.9366E-05	0	5859.601
288	18/03/2019	13:57:49	77.581829	13.9638888888889	44	28	12	185	0.00053789	2.3344E+016	378580000000000	7.9982E+018	3.9287E+017	4.0051E+043	2.1343E+041	1.789E+023	5.0665E+021	0.0025644	0.00053247	-0.0063485	-1.8963E-05	0	11691.58
289	18/03/2019	13:58:31	77.582315	13.9755555555556	44	28	18	185	0.00048655	1.1036E+016	342450000000000	7.3814E+018	3.5537E+017	2.8299E+043	1.9306E+041	1.1773E+023	4.5829E+021	0.0013147	0.00048164	-0.0062258	-1.141E-05	0	9174.407
290	18/03/2019	13:59:17	77.582836	13.9880555555556	44	28	30	185	0.0003844	7465800000000000	270550000000000	6.9134E+018	2.8077E+017	1.7267E+043	1.5253E+041	6.7446E+022	3.6208E+021	0.0010583	0.00038053	-0.0049094	3.2417E-06	0	6499.881
291	18/03/2019	14:00:02	77.583356	14.0005555555556	44	28	48	185	0.00036043	4645400000000000	253680000000000	5.092E+018	2.6326E+017	8.9471E+042	1.4302E+041	5.6652E+022	3.395E+021	0.0042486	0.0003568	0.0036117	7.6566E-05	0	5663.937
292	18/03/2019	14:00:46	77.583877	14.0130555555556	44	28	60	185	0.00052109	4122800000000000	366760000000000	2.1594E+018	3.806E+017	8.631E+042	2.0677E+041	9.5597E+022	4.9083E+021	0.0037653	0.00051584	0.015078	0.000207	0	4551.705
293	18/03/2019	14:02:08	77.584815	14.0355555555556	44	28	89	185	0.00033433	4512900000000000	235310000000000	5.4397E+018	2.4419E+017	9.1333E+042	1.3266E+041	2.4577E+022	3.1491E+021	-0.011892	0.00033095	-0.00019409	4.4741E-05	0	2625.605
294	18/03/2019	14:03:05	77.585475	14.0513888888889	44	28	3	185	0.002117	1.2494E+016	1490000000000000	1.7812E+019	1.5463E+018	2.5427E+043	8.4002E+041	1.2304E+023	1.9941E+022	-0.022173	0.0020956	0.020615	-7.4161E-05	0	1227.113
295	18/03/2019	14:03:47	77.585961	14.0630555555556	44	28	6	185	0.00038031	2.4664E+016	267670000000000	9.7501E+018	2.7778E+017	4.8614E+043	1.5091E+041	2.4724E+023	3.5823E+021	0.0019738	0.00037648	-0.0082408	-5.9356E-05	0	5683.339
296	18/03/2019	14:04:28	77.586447	14.0747222222222	44	28	12	185	0.00053928	2.6266E+016	379560000000000	8.8911E+018	3.9389E+017	3.9781E+043	2.1399E+041	1.7485E+023	5.0797E+021	0.0025851	0.00053384	-0.0065468	-2.3086E-05	0	11829.85
297	18/03/2019	14:05:11	77.586933	14.0863888888889	44	28	18	185	0.0004908	1.2558E+016	345440000000000	8.7254E+018	3.5848E+017	2.8868E+043	1.9475E+041	1.2009E+023	4.623E+021	0.0013257	0.00048585	-0.0064224	-1.4939E-05	0	9468.57
298	18/03/2019	14:05:55	77.587454	14.0988888888889	44	28	30	185	0.00039367	7103500000000000	277080000000000	7.3645E+018	2.8754E+017	1.7982E+043	1.5621E+041	7.4503E+022	3.7081E+021	0.001042	0.0003897	-0.00564	7.3083E-07	0	6564.245
299	18/03/2019	14:06:40	77.587963	14.1111111111111	44	28	48	185	0.00037784	5638100000000000	265940000000000	5.0368E+018	2.7598E+017	9.8686E+042	1.4993E+041	2.5364E+022	3.559E+021	0.00016528	0.00037403	0.0021116	7.9678E-05	0	5434.957
300	18/03/2019	14:07:24	77.588484	14.1236111111111	44	28	60	185	0.00044771	5215400000000000	315110000000000	1.943E+018	3.27E+017	6.6205E+042	1.7765E+041	3.6676E+022	4.2171E+021	-0.0029655	0.00044319	0.010412	0.00016741	0	4685.515
301	18/03/2019	14:08:45	77.589421	14.1461111111111	44	28	89	185	0.00034734	4548900000000000	244470000000000	9.4893E+018	2.537E+017	9.589E+042	1.3782E+041	3.3177E+022	3.2717E+021	-0.013944	0.00034384	-0.0017661	3.359E-05	0	2504.815
302	18/03/2019	14:09:42	77.590081	14.1619444444444	44	28	3	185	0.0024957	1.1817E+016	1756500000000000	1.2424E+019	1.8228E+018	2.5228E+043	9.9028E+041	9.4798E+022	2.3508E+022	-0.022899	0.0024705	0.020189	-7.8351E-05	0	1059.821
303	18/03/2019	14:10:24	77.590567	14.1736111111111	44	28	6	185	0.00038022	2.6286E+016	267610000000000	1.1047E+019	2.7771E+017	4.9987E+043	1.5087E+041	2.5776E+023	3.5814E+021	0.0013098	0.00037638	-0.010203	-5.2326E-05	0	5446.648
304	18/03/2019	14:11:06	77.591053	14.1852777777778	44	28	12	185	0.00053329	2.0045E+016	375340000000000	9.3559E+018	3.8951E+017	4.1874E+043	2.1161E+041	1.8767E+023	5.0232E+021	0.0019824	0.00052791	-0.0087244	-7.782E-06	0	11458.73
305	18/03/2019	14:11:48	77.591539	14.1969444444444	44	28	18	185	0.0004845	1.2408E+016	341010000000000	8.8738E+018	3.5388E+017	2.936E+043	1.9225E+041	1.2872E+023	4.5636E+021	0.00085775	0.00047961	-0.0080187	9.3852E-07	0	9224.625
306	18/03/2019	14:12:33	77.59206	14.2094444444444	44	28	30	185	0.00040549	7696500000000000	285390000000000	8.6546E+018	2.9617E+017	1.8596E+043	1.609E+041	7.9125E+022	3.8194E+021	0.00094206	0.0004014	-0.0065333	1.001E-05	0	7039.953
307	18/03/2019	14:13:19	77.592581	14.2219444444444	44	28	48	185	0.00032201	5080700000000000	226640000000000	7.7946E+018	2.3519E+017	1.165E+043	1.2777E+041	3.1294E+022	3.0331E+021	-0.0046714	0.00031876	0.0032958	0.00010396	0	4586.904
308	18/03/2019	14:14:03	77.593102	14.2344444444444	44	28	60	185	0.00062075	5040600000000000	436910000000000	1.5062E+017	4.534E+017	8.6997E+042	2.4631E+041	4.2347E+022	5.8471E+021	0.0020293	0.00061449	0.011641	0.00020272	0	4070.801
309	18/03/2019	14:15:24	77.594039	14.2569444444444	44	28	89	185	0.00035006	5522700000000000	246380000000000	7.2868E+018	2.5568E+017	9.3644E+042	1.389E+041	3.2634E+022	3.2973E+021	-0.011757	0.00034653	-0.0026225	2.9635E-05	0	2669.426
310	18/03/2019	14:16:21	77.594699	14.2727777777778	44	28	3	185	0.0023543	1.4193E+016	1657000000000000	1.6851E+019	1.7196E+018	2.6324E+043	9.3417E+041	1.279E+023	2.2176E+022	-0.025505	0.0023305	0.016564	-0.00010063	0	1153.35
311	18/03/2019	14:17:04	77.595185	14.2844444444444	44	28	6	185	0.00038781	2.6932E+016	272950000000000	1.0617E+019	2.8326E+017	5.1039E+043	1.5388E+041	2.6867E+023	3.6529E+021	-0.001024	0.0003839	-0.009782	-4.9792E-05	0	5137.37
312	18/03/2019	14:17:46	77.595671	14.2961111111111	44	28	12	185	0.00052586	2.3791E+016	370110000000000	1.0252E+019	3.8408E+017	4.2705E+043	2.0866E+041	1.9491E+023	4.9532E+021	0.00075427	0.00052055	-0.0091305	-6.3264E-06	0	11144.17
313	18/03/2019	14:18:28	77.596157	14.3077777777778	44	28	18	185	0.00048537	1.945E+016	341620000000000	9.8495E+018	3.5451E+017	3.0702E+043	1.9259E+041	1.3359E+023	4.5719E+021	0.00093745	0.00048048	-0.0087336	-2.0291E-06	0	9048.603
314	18/03/2019	14:19:12	77.596678	14.3202777777778	44	28	30	185	0.00038517	1.107E+016	271090000000000	9.4534E+018	2.8133E+017	1.9429E+043	1.5283E+041	7.8552E+022	3.628E+021	0.00064593	0.00038129	-0.0072054	1.382E-05	0	6745.786
315	18/03/2019	14:19:56	77.597188	14.3325	44	28	48	185	0.00029266	7708200000000000	205980000000000	9.0644E+018	2.1376E+017	1.256E+043	1.1613E+041	4.6294E+022	2.7566E+021	-0.0031823	0.00028971	-0.00021072	8.6851E-05	0	4477.629
316	18/03/2019	14:20:41	77.597708	14.345	44	28	60	185	0.00033702	7133600000000000	237200000000000	9.9229E+018	2.4616E+017	1.3078E+043	1.3373E+041	3.5176E+022	3.1744E+021	-0.0063288	0.00033362	0.0065092	0.0001548	0	3726.796
317	18/03/2019	14:22:02	77.598646	14.3675	44	28	89	185	0.00042905	6560300000000000	301980000000000	8.5565E+018	3.1338E+017	1.0657E+043	1.7025E+041	3.2202E+022	4.0414E+021	-0.013788	0.00042473	-0.0031604	3.0663E-05	0	2424.016
318	18/03/2019	14:22:59	77.599306	14.3833333333333	44	28	3	185	0.0025161	1.5767E+016	1.7709E+015	1.8801E+019	1.8377E+018	2.7288E+043	9.9838E+041	1.1562E+023	2.37E+022	-0.028791	0.0024907	0.016337	-0.00011644	0	1083.614
319	18/03/2019	14:23:40	77.599769	14.3944444444444	44	28	6	185	0.00036223	3.1443E+016	254950000000000	1.2027E+019	2.6457E+017	5.1102E+043	1.4373E+041	2.5938E+023	3.412E+021	-0.00066361	0.00035858	-0.0093196	-4.6723E-05	0	4846.544
320	18/03/2019	14:24:21	77.600255	14.4061111111111	44	28	12	185	0.00051752	2.3341E+016	364250000000000	1.0946E+019	3.78E+017	4.4178E+043	2.0535E+041	1.995E+023	4.8747E+021	0.00030276	0.0005123	-0.008818	-4.6035E-06	0	10762.06
321	18/03/2019	14:25:04	77.600741	14.4177777777778	44	28	18	185	0.000482	1.7163E+016	339240000000000	1.0178E+019	3.5205E+017	3.2045E+043	1.9125E+041	1.3826E+023	4.5401E+021	6.6647E-05	0.00047713	-0.0079908	-3.5286E-06	0	8969.515
322	18/03/2019	14:25:45	77.601227	14.4294444444444	44	28	30	185	0.00036211	1.2184E+016	254870000000000	9.6672E+018	2.6449E+017	2.0744E+043	1.4369E+041	8.9334E+022	3.4109E+021	-0.00042217	0.00035846	-0.0055429	1.3455E-05	0	6076.874
323	18/03/2019	14:26:31	77.601748	14.4419444444444	44	28	48	185	0.00027914	8075100000000001	196470000000000	9.8213E+018	2.0389E+017	1.3516E+043	1.1076E+041	5.2042E+022	2.6293E+021	-0.0041195	0.00027633	0.00104	6.7796E-05	0	4481
324	18/03/2019	14:27:15	77.602269	14.4544444444444	44	28	60	185	0.00038141	7963800000000000	268450000000000	3.857E+018	2.7858E+017	1.2973E+043	1.5134E+041	4.2279E+022	3.5926E+021	-0.0031282	0.00037757	0.0076501	0.0001498	0	3610.537
325	18/03/2019	14:28:36	77.603206	14.4769444444444	44	28	89	185	0.00040947	7073000000000000	288200000000000	9.5578E+018	2.9907E+017	1.274E+043	1.6248E+041	2.4292E+022	3.8569E+021	-0.013635	0.00040534	-0.002046	2.5603E-05	0	2574.678
326	18/03/2019	14:29:33	77.603866	14.4927777777778	44	28	3	185	0.0027319	1.5334E+016	1922800000000000	2.1095E+019	1.9954E+018	2.8568E+043	1.084E+042	1.1336E+023	2.5733E+022	-0.028081	0.0027044	0.017312	-0.00012164	0	1020.6
327	18/03/2019	14:30:16	77.604352	14.5044444444444	44	28	6	185	0.00038172	3.2034E+016	268660000000000	1.2972E+019	2.788E+017	5.3791E+043	1.5146E+041	2.7618E+023	3.5955E+021	-0.0022508	0.00037787	-0.0085061	-6.0995E-05	0	4448.846
328	18/03/2019	14:30:58	77.604838	14.5161111111111	44	28	12	185	0.00049715	2.2953E+016	349910000000000	1.2202E+019	3.6312E+017	4.6094E+043	1.9727E+041	2.0328E+023	4.6828E+021	-0.00088725	0.00049213	-0.0076522	-1.0538E-05	0	9898.834
329	18/03/2019	14:31:40	77.605324	14.5277777777778	44	28	18	185	0.00047221	1.7398E+016	332360000000000	1.1925E+019	3.449E+017	3.3572E+043	1.8737E+041	1.4376E+023	4.4479E+021	-0.00042194	0.00046745	-0.0072407	-1.0542E-05	0	8885.713
330	18/03/2019	14:32:25	77.605845	14.5402777777778	44	28	30	185	0.00033849	1.1426E+016	238240000000000	1.1162E+019	2.4724E+017	2.2257E+043	1.3431E+041	8.4721E+022	3.1884E+021	-0.0040943	0.00033508	-0.0047977	2.2932E-06	0	5244.622
331	18/03/2019	14:33:09	77.606366	14.5527777777778	44	28	48	185	0.00029093	8742200000000000	204760000000000	1.0783E+019	2.1249E+017	1.4174E+043	1.1544E+041	5.2252E+022	2.7403E+021	-0.0037228	0.00028799	2.314E-05	4.1917E-05	0	4102.156
332	18/03/2019	14:33:55	77.606887	14.5652777777778	44	28	60	185	0.00036302	8189100000000000	255510000000000	9.3428E+018	2.6515E+017	1.4417E+043	1.4405E+041	3.1438E+022	3.4194E+021	-0.0087375	0.00035936	0.0054121	0.00010934	0	3126.252
333	18/03/2019	14:35:16	77.607824	14.5877777777778	44	28	89	185	0.00050008	9.5841E+015	351970000000000	9.5636E+018	3.6526E+017	1.2816E+043	1.9843E+041	4.7518E+022	4.7104E+021	-0.013964	0.00049504	-0.0021587	1.2583E-06	0	2252.761
334	18/03/2019	14:36:13	77.608484	14.6036111111111	44	28	3	185	0.0030531	1.6635E+016	2.1489E+015	1.9394E+019	2.23E+018	3.1799E+043	1.2115E+042	1.0925E+023	2.8758E+022	-0.03805	0.0030223	0.020217	-0.00014009	0	901.7796
335	18/03/2019	14:36:55	77.60897	14.6152777777778	44	28	6	185	0.00038452	3.3467E+016	270630000000000	1.4344E+019	2.8085E+017	5.5897E+043	1.5257E+041	2.8091E+023	3.6219E+021	-0.0048543	0.00038064	-0.0069893	-7.9843E-05	0	4179.124
336	18/03/2019	14:37:37	77.609456	14.6269444444444	44	28	12	185	0.00046828	2.4002E+016	329590000000000	1.3498E+019	3.4203E+017	4.8254E+043	1.8581E+041	2.0971E+023	4.4108E+021	-0.0024646	0.00046355	-0.0059742	-2.0385E-05	0	8868.265
337	18/03/2019	14:38:18	77.609942	14.6386111111111	44	28	18	185	0.0004489	1.7022E+016	315950000000000	1.3289E+019	3.2787E+017	3.5517E+043	1.7812E+041	1.4536E+023	4.2283E+021	-0.0025051	0.00044437	-0.0063929	-3.5046E-05	0	7990.816
338	18/03/2019	14:39:04	77.610463	14.6511111111111	44	28	30	185	0.00030791	1.275E+016	216720000000000	1.2716E+019	2.249E+017	2.3309E+043	1.2218E+041	9.5366E+022	2.9003E+021	-0.0050526	0.0003048	-0.0032334	-6.5758E-06	0	4927.341
339	18/03/2019	14:39:48	77.610984	14.6636111111111	44	28	48	185	0.00025119	9.9456E+015	176790000000000	9.7409E+018	1.8347E+017	1.5672E+043	9.967E+040	4.9448E+022	2.366E+021	-0.0068543	0.00024865	0.0018187	3.7613E-05	0	3550.484
340	18/03/2019	14:40:34	77.611505	14.6761111111111	44	28	60	185	0.0003084	9.2113E+015	217060000000000	9.1403E+018	2.2525E+017	1.2625E+043	1.2237E+041	4.1945E+022	2.9049E+021	-0.0073289	0.00030529	0.0046003	6.3759E-05	0	3043.852
341	18/03/2019	14:41:55	77.612442	14.6986111111111	44	28	89	185	0.00045242	8896000000000001	318430000000000	1.304E+019	3.3045E+017	1.3605E+043	1.7952E+041	4.1701E+022	4.2615E+021	-0.014875	0.00044785	-0.00044844	-2.527E-05	0	2332.66
342	18/03/2019	14:42:51	77.613102	14.7144444444444	44	28	3	185	0.0031347	1.7374E+016	2.2063E+015	2.2124E+019	2.2895E+018	3.3981E+043	1.2438E+042	1.258E+023	2.9526E+022	-0.039355	0.003103	0.021132	-0.00017542	0	896.3351
343	18/03/2019	14:43:33	77.613588	14.7261111111111	44	28	6	185	0.00040989	3.4467E+016	288490000000000	1.5739E+019	2.9938E+017	5.8918E+043	1.6264E+041	2.8966E+023	3.8608E+021	-0.0049275	0.00040575	-0.0052148	-9.6305E-05	0	3933.67
344	18/03/2019	14:44:16	77.614074	14.7377777777778	44	28	12	185	0.00045732	2.564E+016	321870000000000	1.481E+019	3.3402E+017	4.9897E+043	1.8146E+041	2.1936E+023	4.3076E+021	-0.0041468	0.00045271	-0.0044683	-4.6174E-05	0	8418.17
345	18/03/2019	14:44:57	77.61456	14.7494444444444	44	28	18	185	0.00042296	1.89E+016	297690000000000	1.4234E+019	3.0893E+017	3.6477E+043	1.6783E+041	1.5188E+023	3.984E+021	-0.0024414	0.00041869	-0.0036766	-4.0873E-05	0	7568.33
346	18/03/2019	14:45:42	77.615069	14.7616666666667	44	28	30	185	0.00030705	1.3472E+016	216110000000000	1.3376E+019	2.2427E+017	2.4457E+043	1.2184E+041	9.352E+022	2.8922E+021	-0.0066	0.00030395	-0.0010375	-2.0741E-05	0	4610.632
347	18/03/2019	14:46:26	77.61559	14.7741666666667	44	28	48	185	0.00025211	9.88E+015	177440000000000	1.3954E+019	1.8414E+017	1.7476E+043	1.0004E+041	6.9451E+022	2.3747E+021	-0.0070662	0.00024956	0.0036674	1.8593E-05	0	3468.499
348	18/03/2019	14:47:12	77.616111	14.7866666666667	44	28	60	185	0.00032096	9.3193E+015	225900000000000	1.4136E+019	2.3442E+017	1.5534E+043	1.2735E+041	4.3582E+022	3.0232E+021	-0.0089713	0.00031772	0.005672	2.6667E-05	0	2792.145
349	18/03/2019	14:48:33	77.617049	14.8091666666667	44	28	89	185	0.00058482	9.573E+015	411610000000000	1.3899E+019	4.2715E+017	1.4673E+043	2.3205E+041	3.8728E+022	5.5085E+021	-0.016941	0.00057892	0.0012658	-4.261E-05	0	2045.769
350	18/03/2019	14:49:29	77.617708	14.825	44	28	3	185	0.0033063	1.8585E+016	2327100000000000	2.3483E+019	2.4149E+018	3.5293E+043	1.3119E+042	1.2428E+023	3.1143E+022	-0.0414	0.003273	0.024635	-0.00017637	0	859.7116
351	18/03/2019	14:50:11	77.618194	14.8366666666667	44	28	6	185	0.00045061	3.4627E+016	317150000000000	1.7673E+019	3.2913E+017	6.2054E+043	1.788E+041	2.9467E+023	4.2444E+021	-0.0059897	0.00044607	-0.004839	-0.00011307	0	3939.704
352	18/03/2019	14:50:54	77.618681	14.8483333333333	44	28	12	185	0.00044429	2.4821E+016	312700000000000	1.6173E+019	3.2451E+017	5.1863E+043	1.7629E+041	2.201E+023	4.1849E+021	-0.0050327	0.00043981	-0.0028373	-5.1418E-05	0	7837.907
353	18/03/2019	14:51:36	77.619167	14.86	44	28	18	185	0.00041282	1.8806E+016	290560000000000	1.6036E+019	3.0153E+017	3.8069E+043	1.6381E+041	1.4802E+023	3.8885E+021	-0.0044673	0.00040866	-0.0022423	-4.788E-05	0	6983.253
354	18/03/2019	14:52:21	77.619687	14.8725	44	28	30	185	0.00029728	1.4496E+016	209230000000000	1.5489E+019	2.1713E+017	2.5754E+043	1.1796E+041	9.5637E+022	2.8001E+021	-0.0065073	0.00029428	-0.00029819	-4.0815E-05	0	4535.45
355	18/03/2019	14:54:52	77.621447	14.9147222222222	44	28	3	185	0.0032722	1.9519E+016	2303100000000000	2.2754E+019	2.39E+018	3.8609E+043	1.2984E+042	1.341E+023	3.0822E+022	-0.040677	0.0032392	0.026465	-0.00018261	0	880.7133
356	18/03/2019	14:55:34	77.621921	14.9261111111111	44	28	6	185	0.00046675	3.4691E+016	328520000000000	1.7992E+019	3.4092E+017	6.3426E+043	1.8521E+041	2.9342E+023	4.3965E+021	-0.0061973	0.00046205	-0.0039366	-0.0001174	0	3818.754
357	18/03/2019	14:56:16	77.622407	14.9377777777778	44	28	12	185	0.00043951	2.5761E+016	309340000000000	1.7433E+019	3.2102E+017	5.3278E+043	1.744E+041	2.2541E+023	4.1399E+021	-0.0065121	0.00043508	-0.0027432	-5.8712E-05	0	7394.417
358	18/03/2019	14:56:58	77.622894	14.9494444444444	44	28	18	185	0.00039706	1.8304E+016	279460000000000	1.7181E+019	2.9001E+017	3.9187E+043	1.5755E+041	1.5197E+023	3.74E+021	-0.0065986	0.00039306	-0.0017184	-4.9131E-05	0	6403.964
359	18/03/2019	14:57:41	77.623403	14.9616666666667	44	28	30	185	0.00027425	1.4347E+016	193030000000000	1.6901E+019	2.0031E+017	2.7443E+043	1.0882E+041	9.6044E+022	2.5833E+021	-0.008486	0.00027149	-0.0003185	-3.5162E-05	0	4097.618
360	18/03/2019	14:58:27	77.623924	14.9741666666667	44	28	48	185	0.00032613	1.2206E+016	229540000000000	1.5954E+019	2.382E+017	1.9979E+043	1.2941E+041	6.7583E+022	3.0719E+021	-0.0096901	0.00032284	0.0037716	1.9076E-07	0	2841.902
361	18/03/2019	14:59:11	77.624444	14.9866666666667	44	28	60	185	0.00045007	1.1908E+016	316780000000000	1.5852E+019	3.2873E+017	1.7461E+043	1.7859E+041	6.2377E+022	4.2394E+021	-0.015295	0.00044553	0.0047454	-9.3221E-06	0	2270.269
362	18/03/2019	15:00:32	77.625382	15.0091666666667	44	28	89	185	0.00073177	1.2029E+016	515040000000000	1.7762E+019	5.3448E+017	1.734E+043	2.9036E+041	4.4572E+022	6.8927E+021	-0.022074	0.00072439	0.0011515	-7.0628E-05	0	1748.951
363	18/03/2019	15:01:48	77.626262	15.0302777777778	44	28	3	185	0.0028607	2.3404E+016	2013500000000000	2.6009E+019	2.0895E+018	4.1774E+043	1.1351E+042	1.6153E+023	2.6946E+022	-0.036804	0.0028319	0.029881	-0.00013455	0	1084.326
364	18/03/2019	15:02:31	77.626748	15.0419444444444	44	28	6	185	0.0004824	3.7651E+016	339530000000000	2.0235E+019	3.5234E+017	6.7271E+043	1.9141E+041	3.0059E+023	4.5439E+021	-0.0065354	0.00047753	-0.0021121	-0.0001088	0	4816.474
365	18/03/2019	15:03:13	77.627234	15.0536111111111	44	28	12	185	0.00053803	2.7779E+016	378680000000000	1.9422E+019	3.9298E+017	5.5335E+043	2.1349E+041	2.2437E+023	5.0679E+021	-0.0064463	0.0005326	-0.00072515	-5.689E-05	0	8980.122
366	18/03/2019	15:03:55	77.627731	15.0655555555556	44	28	18	185	0.00047573	2.1177E+016	334830000000000	1.8989E+019	3.4747E+017	4.1226E+043	1.8877E+041	1.548E+023	4.481E+021	-0.0062367	0.00047093	0.0004917	-5.1262E-05	0	7473.303
367	18/03/2019	15:04:40	77.628252	15.0780555555556	44	28	30	185	0.00041086	1.5957E+016	289180000000000	1.9234E+019	3.0009E+017	2.9202E+043	1.6303E+041	9.6944E+022	3.87E+021	-0.0076784	0.00040672	0.0024601	-3.8121E-05	0	5377.102
368	18/03/2019	15:05:25	77.628773	15.0905555555556	44	28	48	185	0.00035425	1.3578E+016	249330000000000	1.7999E+019	2.5874E+017	2.2347E+043	1.4057E+041	6.8048E+022	3.3368E+021	-0.010751	0.00035068	0.0061594	-4.2495E-06	0	3554.266
369	18/03/2019	15:06:11	77.629294	15.1030555555556	44	28	60	185	0.00045364	1.3073E+016	319290000000000	1.8103E+019	3.3134E+017	2.0786E+043	1.8E+041	5.1427E+022	4.273E+021	-0.014038	0.00044906	0.0071022	-9.6598E-06	0	2871.373
370	18/03/2019	15:07:32	77.630231	15.1255555555556	44	28	89	185	0.00064656	1.299E+016	455070000000000	1.9554E+019	4.7225E+017	1.9805E+043	2.5655E+041	4.1801E+022	6.0902E+021	-0.021062	0.00064004	0.0036181	-6.2007E-05	0	2195.251
371	18/03/2019	15:08:54	77.631181	15.1483333333333	44	28	3	185	0.0028568	2.2262E+016	2010700000000000	2.7789E+019	2.0866E+018	4.427E+043	1.1336E+042	1.4644E+023	2.6909E+022	-0.036817	0.002828	0.029516	-0.00014424	0	1211.05
372	18/03/2019	15:09:36	77.631667	15.16	44	28	6	185	0.00055055	3.8757E+016	387500000000000	2.2449E+019	4.0212E+017	7.0429E+043	2.1846E+041	3.0422E+023	5.1858E+021	-0.0089374	0.000545	0.0012153	-9.9682E-05	0	5094.599
373	18/03/2019	15:10:18	77.632164	15.1719444444444	44	28	12	185	0.00059394	3.0483E+016	418030000000000	2.1667E+019	4.3381E+017	5.8017E+043	2.3567E+041	2.2876E+023	5.5944E+021	-0.0073065	0.00058794	0.0001662	-5.8141E-05	0	10178.31
374	18/03/2019	15:11:01	77.63265	15.1836111111111	44	28	18	185	0.00053663	2.3428E+016	377700000000000	2.1828E+019	3.9196E+017	4.3831E+043	2.1293E+041	1.5719E+023	5.0547E+021	-0.0089179	0.00053122	0.0016884	-4.7249E-05	0	8240.982
375	18/03/2019	15:11:46	77.633171	15.1961111111111	44	28	30	185	0.00047869	1.9779E+016	336920000000000	2.1597E+019	3.4963E+017	3.1522E+043	1.8994E+041	1.0462E+023	4.5089E+021	-0.0076812	0.00047386	0.0026466	-3.6789E-05	0	6136.383
376	18/03/2019	15:12:30	77.633692	15.2086111111111	44	28	48	185	0.0004539	1.6281E+016	319470000000000	2.0372E+019	3.3153E+017	2.5029E+043	1.8011E+041	7.6916E+022	4.2755E+021	-0.010833	0.00044933	0.0064466	-9.8502E-06	0	4120.486
377	18/03/2019	15:13:13	77.63419	15.2205555555556	44	28	60	185	0.00049213	1.5576E+016	346370000000000	2.1482E+019	3.5945E+017	2.3648E+043	1.9527E+041	5.8522E+022	4.6355E+021	-0.015342	0.00048716	0.0070357	-2.4041E-05	0	3305.626
378	18/03/2019	15:14:35	77.635127	15.2430555555556	44	28	89	185	0.00066632	1.3536E+016	468970000000000	2.2471E+019	4.8668E+017	2.1816E+043	2.6439E+041	5.4849E+022	6.2762E+021	-0.019987	0.0006596	0.00498	-6.2405E-05	0	2447.567
