m-M,redshift
29.13,0.000804
27.83,0.001358
31.02,0.00149
27.46,0.00183
31.16,0.002128
30.04,0.002425
31.84,0.0025
32.01,0.002843
29.76,0.002992
30.76,0.00316
32.15,0.003395
30.35,0.00354
31.97,0.003699
31.72,0.003746
31.49,0.003889
31.01,0.0039
29.06,0.004
31.08,0.00413
31.29,0.00424
31.39,0.004266
31.72,0.00435
31.09,0.00449
31.61,0.00475
31.92,0.00488
32.33,0.005027
31.58,0.00514
30.34,0.00524
32.58,0.00529
31.34,0.005464
32.12,0.00551
30.92,0.005688
30.78,0.005791
31.01,0.005871
35.25,0.006004
31.1,0.006031
31.62,0.006211
31.41,0.00626
32.23,0.00633
32.1,0.00638
31.63,0.006461
34.72,0.0065
31.88,0.00656
31.99,0.006616
31.65,0.00681
31.36,0.00689
31.59,0.00694
31.82,0.007125
32.96,0.007235
32.49,0.007318
31.98,0.00758
30.12,0.00761
32.38,0.00768
31.85,0.0077
31.66,0.007899
32.37,0.00793
31.89,0.00831
32.23,0.008526
32.72,0.00857
33.48,0.008606
32.35,0.0087
31.97,0.00897
32.34,0.009006
32.96,0.00937
32.08,0.009393
32.41,0.00941
32.54,0.00948
32.45,0.0095
32.36,0.01
32.98,0.0101
32.55,0.01012
33.3,0.0103
32.67,0.010344
33.21,0.01036
32.85,0.0104
32.99,0.010404
33.1,0.01043
33.27,0.0105
32.18,0.01057
33.45,0.0106
33.31,0.0108
33.25,0.010847
33.51,0.01087
33.39,0.0109
32.63,0.0111
32.25,0.0113
33.89,0.0114
33.12,0.01141
32.93,0.01158
32.68,0.011639
34.15,0.012122
33.95,0.012272
34.09,0.0123
34,0.012402
33.89,0.0125
33.64,0.0126
33.71,0.01269
34.07,0.012879
33.59,0.01289
33.56,0.0129
33.66,0.01292
32.59,0.01299
33.69,0.012993
32.95,0.013012
32.52,0.013206
32.64,0.01322
34.03,0.01329
33.62,0.0133
33.48,0.0135
33.19,0.013539
33.21,0.01354
33.57,0.01359
33.84,0.0137
33.53,0.01372
33.88,0.0138
33.36,0.01388
33.85,0.013896
33.87,0.0139
33.1,0.014
34.1,0.01401
33.1,0.014046
33.78,0.014066
32.88,0.01422
33.35,0.014277
34.01,0.0143
32.74,0.01433
33.96,0.0144
33.43,0.01444
34.22,0.0145
33.05,0.0146
33.06,0.01464
33.83,0.01475
33.79,0.0149
33.29,0.01491
33.14,0.01496
33.98,0.015
33.09,0.01502
34,0.01503
34,0.01507
34.39,0.01508
33.3,0.01512
33.37,0.01518
34.24,0.015184
34.08,0.0152
34.33,0.015244
34.42,0.0153
34.03,0.015344
34.05,0.01535
33.31,0.01538
34.43,0.0154
34.02,0.0155
33.29,0.015501
34.21,0.015567
34.16,0.0156
33.99,0.015657
33.7,0.015701
34.05,0.01572
33.55,0.015786
33.64,0.015818
33.61,0.01587
33.3,0.015871
33.64,0.01588
33.53,0.015881
34.32,0.016
34.33,0.0162
34.34,0.016251
34.16,0.0163
34.03,0.01631
34.15,0.016317
33.44,0.016335
33.93,0.016341
33.81,0.0164
34.33,0.01648
33.86,0.0165
34.54,0.0166
34.25,0.016621
34.15,0.01665
33.49,0.01667
34.58,0.0167
34.46,0.016708
33.67,0.016739
33.52,0.01677
34.3,0.0169
34.29,0.01702
34.14,0.01708
34.28,0.0171
34.98,0.017182
33.44,0.017195
34.29,0.0172
33.27,0.01728
33.91,0.017312
34.42,0.0174
33.5,0.017432
30.53,0.01744
34.27,0.0175
33.01,0.01752
33.7,0.017535
34.08,0.017559
33.53,0.01757
33.42,0.01765
34.08,0.0177
33.28,0.01774
34.27,0.017786
33.71,0.017884
34.71,0.0179
34.05,0.01791
34.32,0.01797
33.65,0.01807
33.75,0.018126
34.38,0.01835
33.7,0.01846
33.93,0.01851
34.49,0.0186
34.49,0.018796
34.15,0.01883
34.74,0.0189
35.13,0.019
33.65,0.01905
34.4,0.0191
34.46,0.01914
31.73,0.019207
35.06,0.019233
34.65,0.01926
33.48,0.0193
34.68,0.01935
33.65,0.0194
35.15,0.0195
34.31,0.0196
33.57,0.01983
34.02,0.0199
34.64,0.02
33.92,0.020071
34.67,0.0203
34.49,0.02038
34.69,0.0204
34,0.020452
33.96,0.020584
34.82,0.0206
34.96,0.020628
35.17,0.020694
34.25,0.020744
34.11,0.02077
34.7,0.0208
34.63,0.02081
35.24,0.02099
34.92,0.021
34.16,0.021025
34.19,0.021035
33.87,0.021118
34.79,0.02119
34.9,0.021198
34.24,0.02127
34.07,0.021301
35.05,0.02157
35.06,0.0216
34.74,0.0217
34.95,0.021778
34.92,0.0218
33.56,0.0219
34.19,0.021905
32.63,0.022012
34.89,0.022019
35,0.022059
35.4,0.0221
34.88,0.022109
34.11,0.022172
34.89,0.0222
34.14,0.022289
34.3,0.02233
34.76,0.0224
34.23,0.022402
34.74,0.0225
34.46,0.022538
34.12,0.02272
34.24,0.02281
34.97,0.0229
35.2,0.023
34.97,0.023086
34.3,0.023106
34.92,0.023124
35.07,0.023131
34.37,0.02316
34.58,0.023299
35.23,0.0233
34.9,0.023323
35.07,0.0234
34.35,0.02349
34.99,0.0235
34.47,0.023591
35.05,0.0236
34.33,0.02362
35.2,0.023676
35.03,0.0237
35.33,0.02377
35.1,0.0239
36.15,0.02396
34.78,0.023977
34.21,0.024027
35.45,0.02406
32.68,0.02414
34.96,0.02417
34.06,0.024197
35.1,0.0242
34.96,0.02421
35.29,0.024233
35.13,0.0243
35.06,0.0245
34.53,0.024564
34.95,0.02459
35.16,0.0246
35.06,0.02467
35.25,0.0247
33.88,0.02476
33.43,0.025
35.08,0.025047
34.47,0.0251
32.76,0.025121
35.3,0.02513
34.43,0.02517
34.68,0.025204
34.63,0.025221
34.75,0.0254
34.63,0.02544
35.34,0.025444
34.99,0.0255
35.17,0.025504
35.64,0.02554
35.19,0.0256
35.56,0.025724
34.59,0.025731
34.51,0.0258
34.97,0.0259
34.35,0.026
35.15,0.026145
35.52,0.026147
35.1,0.0262
35.26,0.0263
34.58,0.026322
35.26,0.0264
35.44,0.0265
35.27,0.026527
35.44,0.0266
35.48,0.026645
35.32,0.0267
34.63,0.02675
35.7,0.02681
35.3,0.02683
35.23,0.0269
34.59,0.026962
34.92,0.027
35.35,0.0271
34.35,0.02713
35.28,0.02727
35.6,0.0274
35.46,0.02752
35.36,0.027536
35.08,0.0276
35.5,0.02762
33.18,0.0277
35.48,0.02777
35.31,0.027906
34.17,0.028063
34.78,0.028116
35.4,0.0282
35.38,0.02834
31.87,0.028341
35.41,0.02837
33.93,0.02843
35.4,0.0285
35.51,0.0286
34.95,0.02873
34.97,0.0288
34.84,0.028977
35.6,0.0291
34.61,0.02936
34.87,0.02942
35.43,0.0295
34.62,0.02956
35.61,0.0296
35.48,0.02979
35.49,0.0298
35.74,0.029834
34.9,0.029864
35.26,0.03
34.89,0.030002
35.39,0.0301
35.64,0.030134
35.19,0.03024
35.88,0.0303
35.72,0.0304
34.85,0.030455
35.98,0.0305
35.27,0.0306
34.82,0.03066
34.89,0.030738
35.39,0.03074
35.15,0.03088
35.59,0.0309
35.99,0.030915
34.92,0.030935
34.78,0.030985
34.85,0.031018
35.16,0.031021
35.9,0.0312
36.05,0.03132
33.11,0.03133
34.89,0.0314
35.43,0.03144
34.62,0.031442
35.62,0.0315
35.14,0.031592
35.64,0.0316
35.09,0.031662
35.74,0.0317
35.69,0.0318
35.05,0.031939
35.52,0.03196
35.87,0.032
35.31,0.032009
35.37,0.03201
35.61,0.03202
35.85,0.032065
35.34,0.032089
35.3,0.0321
35.2,0.032102
35.07,0.032156
36.18,0.0322
35.98,0.0323
35.13,0.032309
35.71,0.0324
36.01,0.0325
35.35,0.032529
36.08,0.03256
34.9,0.032809
35.6,0.03285
35.86,0.03295
35.71,0.03297
35.74,0.0331
35.14,0.033196
35.81,0.0332
35.1,0.033283
35.92,0.0333
35.03,0.033507
35.99,0.0336
35.23,0.033737
35,0.0338
35.87,0.0339
35.75,0.034
35.26,0.034043
35.11,0.0341
35.86,0.0342
35.98,0.034204
32.56,0.034307
35.67,0.0344
36.14,0.03445
35.66,0.03446
35.24,0.034597
35.8,0.0346
35.25,0.03466
35.96,0.034717
36.21,0.0348
35.82,0.0349
36.06,0.035
35.79,0.0354
35.97,0.0356
35.7,0.03562
36.18,0.0357
35.09,0.036
35.24,0.036212
36.24,0.0365
36.12,0.0366
36.22,0.0367
35.38,0.0369
36.12,0.037
35.41,0.037002
35.25,0.037036
36.05,0.0371
36.09,0.037131
35.37,0.037152
35.94,0.0373
35.92,0.037559
36.09,0.037626
36.11,0.037639
35.06,0.0377
36.02,0.0381
36,0.038253
36.11,0.038407
36.02,0.03849
35.8,0.038513
36.01,0.0389
35.17,0.03903
35.59,0.03908
36.43,0.0391
35.53,0.03914
36.12,0.0392
35.57,0.04
35.64,0.0402
36.06,0.04029
36.27,0.0403
35.38,0.040485
36.37,0.0405
36.26,0.0406
35.64,0.040695
36.39,0.0407
36.07,0.040796
36.35,0.040952
36.29,0.041449
35.66,0.041552
36.47,0.0417
36.57,0.0419
36.4,0.0423
36.34,0.0424
35.19,0.0425
35.61,0.043
35.68,0.04311
38.98,0.043357
35.74,0.0436
36.14,0.04367
36.12,0.04393
36.32,0.044
35.92,0.0442
36.42,0.04421
35.33,0.044237
36.96,0.0443
36.14,0.044351
37.02,0.04444
36.44,0.044771
35.87,0.045
36.59,0.04501
36.68,0.045439
36.31,0.045494
36.41,0.045859
36.57,0.04594
36.4,0.046615
36.51,0.0467
36.28,0.04693
36.72,0.0472
36.42,0.0481
35.99,0.048337
36.54,0.04839
37.06,0.0484
36.33,0.0486
36.69,0.0488
36.64,0.0489
36,0.049
36.62,0.0493
36.75,0.0495
36.54,0.049509
35.65,0.0499
36.67,0.05024
35.84,0.0503
36.44,0.05056
36.22,0.0509
36.8,0.0514
36.91,0.0518
37.17,0.052
36.85,0.05219
35.94,0.0522
36.83,0.0524
36.96,0.0529
36,0.052933
36.74,0.05331
37.11,0.0534
36.74,0.0537
36.54,0.0538
36.22,0.054
36.54,0.0542
34.05,0.05422
36.67,0.0544
36.17,0.055
36.95,0.0552
35.88,0.055672
36.9,0.0559
36.9,0.055908
37.3,0.056
36.38,0.0564
36.94,0.05668
37.01,0.0568
37.07,0.057
37.09,0.0575
36.3,0.057756
37.21,0.0579
37.04,0.0583
37.17,0.0585
37,0.0586
36.35,0.0587
36.32,0.059239
37.08,0.0594
36.98,0.05991
36.21,0.06
36.33,0.061
37.92,0.0611
37.39,0.0614
37.01,0.0615
37.38,0.0628
36.43,0.062814
36.75,0.063
37.48,0.0634
37.45,0.063434
37.27,0.0636
37.26,0.064
37.54,0.0642
36.44,0.064387
37.26,0.0645
39.03,0.0649
37.52,0.065
36.61,0.0651
36.6,0.065397
37.3,0.0656
39.93,0.066218
37.32,0.06643
37.4,0.0666
37.36,0.067
36.65,0.067107
37,0.067517
36.84,0.067849
37.17,0.0679
37.9,0.0684
38.6,0.068646
37.54,0.06895
36.71,0.069
37.72,0.0691
36.75,0.07
37.24,0.0701
37.33,0.0703
38.07,0.070498
37.34,0.0707
37.35,0.0708
35.95,0.071
37.67,0.0713
37.7,0.072
37.47,0.072673
37.78,0.0727
37.63,0.0734
39.92,0.073431
37.64,0.0742
37.57,0.0746
36.54,0.075
37.6,0.0753
37.7,0.076
36.92,0.07634
37.82,0.076974
36.95,0.077
37.75,0.0774
38.28,0.077649
37.59,0.078
38.02,0.0789
36.76,0.079
37.57,0.07937
38.12,0.079443
37.81,0.079683
37.88,0.079948
37.71,0.0801
37.94,0.0802
37.8,0.0804
37.84,0.0817
37.97,0.082
38.12,0.08204
37.74,0.0822
37.8,0.0823
37.94,0.08268
37.92,0.0835
37.33,0.0843
37.89,0.084359
37.88,0.0863
38.34,0.086341
38.48,0.086497
37.25,0.086603
37.28,0.087
38.19,0.0879
37.5,0.088
38.75,0.088795
38.5,0.089
38,0.089063
38.27,0.09
38.7,0.0902
39.24,0.091
37.99,0.0914
38.17,0.093413
38.22,0.093988
37.43,0.094
38.43,0.094859
37.36,0.095
38.41,0.098247
39.06,0.098491
38.53,0.099304
38.51,0.0996
38.26,0.1
38.4,0.1004
38.46,0.1009
37.73,0.101
38.33,0.101366
38.33,0.1017
38.18,0.101906
38.08,0.1029
37.77,0.104
38.51,0.104161
38.37,0.104743
38.34,0.105178
38.82,0.1068
38.37,0.107325
38.47,0.1074
38.57,0.1076
37.54,0.108
38.56,0.108147
37.97,0.11
39.88,0.110133
39.67,0.110215
38.38,0.1104
38.78,0.113
39.26,0.113211
37.84,0.114
38.47,0.115027
38.99,0.116007
39.48,0.116045
39.13,0.116275
39.04,0.116541
38.72,0.117758
38.68,0.1178
38.27,0.1184
38.03,0.118412
38.62,0.1188
37.85,0.119128
38.58,0.11915
40.21,0.11924
38.38,0.119774
38.04,0.12
39.1,0.121
38.85,0.1217
37.53,0.122683
38.77,0.123
38.08,0.124
39.23,0.1242
38.89,0.1245
39.02,0.125
39.34,0.125174
38.88,0.1257
38.55,0.1267
38.91,0.1276
38.94,0.127856
38.19,0.128
39.4,0.128384
38.92,0.12878
39.48,0.129
38.95,0.12939
39.34,0.129455
38.6,0.13
38.82,0.130028
38.92,0.1307
40.32,0.131572
38.86,0.131963
38.86,0.132042
38.9,0.1326
39.3,0.133
39.09,0.133717
38.37,0.134019
40.71,0.134867
39.5,0.135401
38.99,0.135691
40.31,0.135721
39.09,0.1361
39.39,0.1363
39.39,0.136329
39.85,0.136789
38.93,0.1369
39.07,0.1379
39.73,0.138
39.19,0.1384
39.54,0.138642
39.11,0.1392
39.01,0.139332
39.11,0.1396
39.08,0.1397
39.45,0.14
39.18,0.1406
39.39,0.142
39.62,0.142024
38.73,0.142113
38.55,0.143
39.63,0.143658
39.21,0.1437
39.19,0.1438
39.43,0.144
38.46,0.1442
39.83,0.144341
39.17,0.1444
39.32,0.144548
39.2,0.14478
39.24,0.145387
39.11,0.146
41.46,0.146134
39.16,0.14643
38.34,0.147
40.56,0.147126
39.03,0.1474
39.43,0.14749
39.31,0.1475
39.12,0.1476
39.13,0.148
39.14,0.1482
39.11,0.148617
39.14,0.1492
39.2,0.149267
39.09,0.149566
39.18,0.149937
39.2,0.15
39.33,0.150207
39.4,0.1512
39.43,0.151605
39.28,0.1526
39.71,0.152901
39.88,0.153204
39.34,0.153622
39.72,0.153776
39.39,0.15395
39.58,0.154365
38.76,0.154496
39.49,0.1546
39.55,0.154716
39.37,0.154856
39.48,0.1549
38.78,0.155
40.11,0.155771
38.6,0.156
39.35,0.1561
38.78,0.15617
40.24,0.156223
39.16,0.15627
39.71,0.156311
39.39,0.1564
39.29,0.156453
39.53,0.156528
41.29,0.156922
40.52,0.157
39.49,0.157064
39.1,0.1571
40.03,0.157317
39.63,0.157646
41.77,0.158377
39.73,0.159055
39.34,0.1592
39.37,0.1597
39.13,0.16
39.19,0.16004
39.39,0.160311
40.9,0.160322
39.3,0.161
39.31,0.161011
39.41,0.1612
38.58,0.161531
39.62,0.161721
39.37,0.1619
39.08,0.162
41.6,0.162058
41.03,0.16237
39.68,0.163
39.53,0.164
39.45,0.165422
39.34,0.166236
39.33,0.1664
39.46,0.167
39.23,0.167038
40.49,0.16744
40.23,0.167795
40.31,0.168878
40.62,0.169122
37.89,0.169221
39.35,0.1694
39.46,0.17
40.27,0.170417
39.88,0.170901
39.42,0.171207
40.96,0.171339
41.3,0.171605
39.62,0.17173
38.76,0.172
39.88,0.1726
39.5,0.1727
40.33,0.173583
39.49,0.1745
39.18,0.1747
39.54,0.174885
39.53,0.174962
39.5,0.175
39.72,0.175024
42.07,0.175025
39.57,0.17529
40.73,0.175564
39.78,0.1761
40.39,0.176147
39.8,0.177
39.66,0.1771
41.66,0.177108
39.7,0.178
40.69,0.178292
40.81,0.178667
40,0.178687
39.61,0.179
39.39,0.179029
40.05,0.179573
39.78,0.1796
40.75,0.18
39.89,0.180119
39.63,0.1805
39.61,0.1806
40.07,0.180746
39.46,0.181
39.7,0.181307
39.68,0.181364
39.51,0.181642
40.54,0.18195
37.51,0.182
39.69,0.18202
40.38,0.182169
39.63,0.182841
39.32,0.182898
39.57,0.182906
38.88,0.183
40.09,0.1833
39.66,0.184
39.55,0.18408
39.71,0.184513
39.62,0.1847
40.27,0.184833
39.53,0.184998
39.9,0.185
39.9,0.185192
39.82,0.1855
39.75,0.186169
41.3,0.186372
39.56,0.186404
39.7,0.18641
39.63,0.186515
41.43,0.18656
39.7,0.187
39.61,0.187342
39.65,0.188
39.78,0.189
39.65,0.189116
39.76,0.1894
39.67,0.1895
39.55,0.189776
39.22,0.19
39.9,0.190057
41.14,0.190059
39.61,0.190858
39.76,0.191029
39.68,0.191536
40.04,0.192
39.87,0.192245
39.93,0.193
39.69,0.193145
39.86,0.1934
39.51,0.1937
40.63,0.193779
39.79,0.193909
39.75,0.194292
39.96,0.195
39.75,0.19543
39.71,0.195487
39.81,0.1956
40.11,0.195643
40.05,0.1959
39.75,0.196
40.34,0.196102
40.03,0.19686
39.81,0.197292
39.72,0.197393
39.86,0.197395
39.83,0.197473
40.26,0.197694
40.22,0.1977
39.8,0.1978
40.09,0.198
40.34,0.198426
40.01,0.19855
40.54,0.199
39.91,0.199155
39.77,0.199466
39.95,0.1996
39.84,0.2
40.07,0.200792
40.01,0.201267
40.55,0.201287
40.17,0.201776
40.29,0.201959
39.93,0.2024
40.06,0.203
40.11,0.2038
40.02,0.204
40.09,0.204439
40.06,0.20449
39.8,0.2046
40.01,0.20474
39.95,0.204807
40,0.20496
39.84,0.205
40.22,0.205733
40.07,0.205986
39.66,0.206
40.28,0.2064
39.99,0.206456
40.03,0.2066
40.4,0.20661
40.2,0.207
40,0.207264
40.67,0.207333
40.24,0.207977
40.09,0.2085
40.19,0.2092
39.85,0.20939
40.2,0.209821
42.07,0.209974
39.84,0.21
40.06,0.21043
40.1,0.2105
40.77,0.210532
40.11,0.210771
39.64,0.2109
38.82,0.211
40.34,0.211453
39.95,0.2115
40.02,0.2116
41.32,0.21167
40.18,0.2118
39.8,0.211988
40.35,0.212
40.39,0.212107
39.98,0.2123
39.98,0.2124
39.59,0.212655
40.25,0.212839
39.91,0.2129
40.08,0.213
40.47,0.2132
40.96,0.213291
39.84,0.2136
40.72,0.214
40.06,0.2141
41.06,0.214394
40.1,0.2144
40.16,0.214812
40.16,0.2149
40.25,0.214973
39.84,0.215
40.21,0.2152
39.79,0.215546
39.68,0.216
40.51,0.2164
39.57,0.216528
40.09,0.216538
39.89,0.2166
40.06,0.2167
40.11,0.216974
40.1,0.217
39.99,0.217237
40.21,0.2174
42.31,0.217547
41.14,0.217599
40.37,0.217646
39.93,0.217716
39.99,0.218
40.2,0.2181
40.14,0.218864
40.03,0.218886
40.24,0.219
40.36,0.2195
39.91,0.2196
40.19,0.2197
39.49,0.22
40.28,0.220342
39.96,0.2204
40.11,0.220524
40.62,0.220567
40.13,0.221
41.05,0.22111
39.94,0.221151
40.35,0.221159
40.33,0.2212
40.51,0.221952
39.91,0.2221
41.99,0.222458
40.33,0.2228
40.34,0.224
40.31,0.2247
39.94,0.224795
40.18,0.2254
40.33,0.225601
40.49,0.226
40.17,0.226191
40.56,0.226262
40.03,0.226581
40.88,0.22709
39.66,0.2272
40.25,0.228
40.46,0.228429
39.93,0.228469
40.32,0.2288
40.17,0.229
40.49,0.2292
40.39,0.229297
40.4,0.2296
40.4,0.229863
40.49,0.23
40.98,0.230203
40.34,0.2304
40.32,0.2305
40.29,0.230633
40.12,0.2311
40.41,0.231818
39.94,0.232
41.35,0.232006
40.14,0.2322
40.49,0.23262
40.48,0.232672
40.34,0.232806
40.52,0.2333
41.6,0.233684
40.52,0.233889
40.32,0.233935
39.49,0.234
40.43,0.23441
40.42,0.2345
40.39,0.2349
40.05,0.234956
40.25,0.235
40.54,0.235152
40.28,0.2354
40.29,0.235409
40.2,0.2356
40.29,0.236261
40.45,0.23646
40.36,0.237
39.95,0.237445
40.72,0.237519
40.61,0.237556
40.59,0.23757
40.3,0.2377
40.2,0.238
40.73,0.238652
40.57,0.2388
40.42,0.239
40.85,0.23934
40.61,0.24
41.22,0.240003
40.44,0.240267
40.35,0.2403
40.29,0.240492
39.69,0.242229
39.88,0.242319
41,0.242695
40.37,0.242928
40.57,0.243
40.66,0.243538
40.39,0.244
40.22,0.2441
40.47,0.2445
40.18,0.2446
40.46,0.244619
40,0.244902
40.49,0.245
40.31,0.245027
40.45,0.245075
40.28,0.2451
39.94,0.2455
40.19,0.245675
40.54,0.24571
40.56,0.2459
41.63,0.245902
40.72,0.245916
40.19,0.245953
40.49,0.246
40.08,0.246952
40.02,0.247
40.51,0.247421
40.42,0.2477
39.16,0.2478
39.67,0.248
40.93,0.248862
39.69,0.249
41.76,0.249061
40.61,0.2492
40.31,0.249436
40.36,0.2496
40.76,0.2499
40.64,0.25
40.48,0.2502
41.99,0.250225
40.59,0.2505
42.08,0.250867
40.72,0.25098
40.65,0.2511
40.52,0.2512
40.64,0.251315
40.25,0.251725
40.64,0.252
40.48,0.252054
40.47,0.252225
40.31,0.252226
40.44,0.25227
40.22,0.252512
40.11,0.252791
40.46,0.252828
40.27,0.253
40.62,0.253291
40.32,0.253644
40.25,0.253653
40.24,0.253699
40.48,0.2537
40.29,0.253975
40.5,0.254
42.68,0.254494
40.69,0.2545
40.18,0.254504
40.74,0.254586
40.92,0.2546
41.27,0.254845
40.27,0.2553
40.64,0.255354
40.56,0.255413
40.7,0.255439
42.09,0.255584
40.39,0.255983
40.39,0.256085
41.47,0.25664
40.52,0.2569
40.68,0.2575
39.9,0.258
40.09,0.258234
40.62,0.2587
40.4,0.258847
40.6,0.258864
39.61,0.25888
40.72,0.259043
42.42,0.259608
40.89,0.259916
40.65,0.25997
39.87,0.26
40.66,0.2604
40.51,0.260743
40.69,0.2608
40.8,0.260941
40.94,0.261248
40.97,0.2616
40.77,0.261899
40.76,0.26192
41.11,0.262
41.01,0.262001
40.42,0.262254
41.19,0.262438
41.14,0.262538
40.44,0.262587
40.66,0.262783
40.64,0.2629
40.11,0.263
40.66,0.263077
40.14,0.2631
40.52,0.263156
40.85,0.2633
41.94,0.2635
40.75,0.263952
40.74,0.264
40.67,0.264127
40.57,0.2642
40.71,0.264695
42.31,0.264749
42.42,0.264942
40.9,0.265
40.84,0.265158
39.99,0.26526
40.71,0.26531
40.62,0.2654
40.9,0.265638
40.78,0.265672
40.63,0.266
40.74,0.266012
41,0.2667
40.56,0.266984
41.67,0.267073
40.64,0.2672
42.05,0.267246
41.03,0.267532
40.67,0.267938
40.58,0.268
40.47,0.268413
40.61,0.268672
40.55,0.2689
40.03,0.269
40.43,0.269329
40.58,0.2696
40.39,0.27
40.36,0.270007
40.83,0.27009
40.83,0.2701
40.18,0.270473
40.57,0.2707
40.82,0.27095
40.6,0.271354
40.44,0.2716
40.76,0.2719
40.8,0.272
40.37,0.2731
40.27,0.273141
40.83,0.273265
41.05,0.273434
41.02,0.273548
40.66,0.2738
40.01,0.274
40.55,0.274927
40.5,0.275009
40.54,0.2754
40.88,0.2756
40.87,0.27572
41.02,0.275974
40.8,0.2764
40.8,0.277
40.12,0.2771
40.83,0.277296
40.71,0.2773
40.43,0.277326
40.58,0.277441
40.73,0.277787
40.76,0.278
41.32,0.27802
40.45,0.278103
40.49,0.278296
40.83,0.2786
40.8,0.278904
42.69,0.279179
40.61,0.279533
40.83,0.2796
40.95,0.2799
40.88,0.279997
40.12,0.28
41.94,0.280067
40.54,0.2802
40.48,0.2803
40.95,0.280494
40.66,0.280569
40.86,0.280578
40.71,0.280661
40.42,0.2807
41.11,0.280855
40.55,0.280999
40.61,0.281
40.68,0.281092
40.96,0.28139
40.7,0.281567
40.82,0.281658
40.57,0.281725
40.42,0.281762
40.85,0.281988
40.81,0.282
40.57,0.282392
41.06,0.282402
40.92,0.282787
40.58,0.2828
40.61,0.28304
40.66,0.2834
40.65,0.283961
41.02,0.284202
41.47,0.284241
41.31,0.284278
40.66,0.28462
39.71,0.285
40.84,0.285147
40.7,0.285281
40.55,0.285824
40.64,0.285847
40.18,0.285848
40.77,0.285857
40.77,0.286131
41.34,0.2862
40.93,0.286372
42.15,0.28667
41.08,0.286703
41.07,0.287
40.48,0.2871
41.11,0.287998
41.13,0.288
40.76,0.288012
40.84,0.288027
40.53,0.2881
40.95,0.2886
40.8,0.28876
40.94,0.2888
40.67,0.288815
40.48,0.289
40.78,0.289052
41.2,0.289167
41.73,0.289217
40.54,0.289396
40.85,0.289402
41.07,0.2897
41.07,0.289816
40.33,0.29
40.96,0.290028
40.81,0.2903
41.12,0.290371
40.77,0.290675
40.79,0.291
41.27,0.291263
40.84,0.291349
41.38,0.2915
40.63,0.291833
40.88,0.292
40.68,0.292197
40.95,0.292252
40.75,0.292264
40.92,0.292421
40.78,0.292837
40.83,0.2931
40.53,0.2932
41.12,0.29329
40.83,0.293488
40.59,0.293582
41.01,0.2937
40.38,0.293703
40.27,0.293922
42.65,0.2943
40.05,0.294304
41.13,0.294362
40.99,0.294615
40.26,0.294849
40.66,0.295
40.73,0.2953
41.09,0.295372
41.23,0.295639
40.47,0.295891
40.98,0.296
40.72,0.296412
40.42,0.297
40.79,0.2973
41.03,0.297526
40.49,0.298
41.01,0.298563
40.57,0.298629
41.01,0.298808
40.06,0.299
41.26,0.299006
40.22,0.299019
41.07,0.2991
40.54,0.299249
40.99,0.299569
41.29,0.2996
40.2,0.3
41.05,0.3001
40.64,0.300106
40.85,0.3003
40.69,0.300443
40.96,0.300455
40.95,0.3006
40.8,0.300656
40.72,0.300839
40.89,0.3009
40.66,0.301106
41.73,0.301222
40.89,0.301347
41.48,0.301715
41.01,0.302
40.69,0.302444
41.28,0.302507
41.07,0.30272
40.79,0.3028
40.77,0.303
41.44,0.303225
40.73,0.3037
41.41,0.303881
41.02,0.304
41.05,0.304287
40.45,0.304341
40.86,0.3044
41,0.3045
40.89,0.3048
40.25,0.304812
40.99,0.3049
41.07,0.304931
41.32,0.304942
40.63,0.305003
41.06,0.305136
41.32,0.305435
40.86,0.305661
40.94,0.305943
41.02,0.306192
40.42,0.306327
40.9,0.30637
40.39,0.3064
40.47,0.306576
40.85,0.306777
41.03,0.307
40.47,0.307205
40.91,0.307469
40.82,0.307732
40.72,0.307786
41.09,0.308008
40.31,0.30807
41.63,0.308083
40.98,0.308446
41.23,0.308529
41.82,0.308534
41.14,0.3088
41.33,0.309079
40.72,0.309131
41.21,0.309251
40.82,0.309534
40.83,0.3097
40.84,0.309838
40.19,0.31
41.12,0.3102
41.11,0.310279
40.9,0.310404
41.11,0.3105
41.18,0.3109
40.96,0.310903
41.26,0.311647
40.72,0.311973
41.22,0.311984
39.51,0.312
40.45,0.312052
41.07,0.313153
40.8,0.313563
40.52,0.314
41.19,0.3141
41.34,0.314419
40.87,0.314735
41.09,0.3153
40.65,0.315484
41.04,0.315534
40.9,0.316
41.08,0.3162
40.97,0.3163
40.82,0.316355
40.42,0.31643
40.61,0.316958
40.97,0.316961
41.21,0.317369
41.19,0.3177
41.22,0.3182
40.53,0.318671
40.89,0.318863
41.87,0.319
41.04,0.3192
40.88,0.319315
41.67,0.3195
40.71,0.319595
41.05,0.319838
41.18,0.319944
40.32,0.32
40.23,0.320204
40.99,0.320367
41.12,0.3206
41.28,0.3207
40.7,0.3212
40.09,0.321601
41.07,0.322057
40.71,0.322518
41.16,0.323
40.57,0.323264
40.59,0.323731
41.15,0.323773
41.01,0.324
40.91,0.324839
41.07,0.324952
41.39,0.325011
41.21,0.325121
40.5,0.325169
40.57,0.3257
40.95,0.326069
41.08,0.326503
41.22,0.327784
41.32,0.3281
41.15,0.3282
41.36,0.3288
41.25,0.329
41.05,0.329251
41.48,0.32941
41.02,0.329549
40.61,0.329556
40.51,0.33
40.89,0.330161
41.27,0.3302
41.34,0.3307
41.2,0.330796
41.48,0.330917
41.42,0.330932
40.85,0.330984
41.28,0.331
41.4,0.3311
40.97,0.33147
40.91,0.331565
41.12,0.331981
41.22,0.332
40.66,0.332255
40.91,0.3324
41.59,0.332633
41.21,0.332983
41.22,0.333
41.99,0.333022
41.06,0.333049
42.42,0.333177
41.18,0.333268
41.1,0.334228
41.72,0.334328
41.15,0.3346
40.54,0.335
40.94,0.33504
41.19,0.335098
41.18,0.335192
40.87,0.335217
41.25,0.335856
41.14,0.335924
41.11,0.336024
41.01,0.3361
41.28,0.336879
40.49,0.337
41.53,0.337542
41.55,0.337597
40.15,0.337755
40.93,0.338532
40.67,0.339
42.18,0.339001
41.93,0.339034
41.19,0.3391
40.94,0.3392
41.62,0.339207
41.55,0.339506
41.25,0.339527
40.37,0.3396
39.87,0.34
41.23,0.340192
41.14,0.34028
41.37,0.340292
41.38,0.34033
41.06,0.3407
41.14,0.340709
41.2,0.34098
41.29,0.3412
41.69,0.341212
40.87,0.3415
41.29,0.3417
41,0.3419
41.08,0.342403
40.46,0.342718
42.56,0.342773
40.35,0.343
40.98,0.343052
40.38,0.343067
40.8,0.3432
41.53,0.343436
41.14,0.34394
41.39,0.344401
41,0.3448
41.43,0.345246
41.22,0.345377
41.4,0.34593
40.28,0.346
40.93,0.3465
39.33,0.3468
41.33,0.346981
41.14,0.347
41.18,0.347123
40.99,0.347239
41.4,0.347576
41.17,0.347842
41.21,0.348
41.08,0.348546
41.44,0.348806
40.83,0.34916
40.95,0.349572
40.58,0.35
41.29,0.3501
41.27,0.350196
41.43,0.350224
41.25,0.350268
40.92,0.3506
41.26,0.350692
41.44,0.35072
41.27,0.351
41.46,0.3512
41.34,0.3514
41.26,0.352531
41.14,0.353082
41.61,0.353187
41.14,0.353462
41.28,0.353482
41.58,0.3537
40.57,0.354
41.87,0.355011
41.37,0.3553
41.42,0.355483
41.39,0.35647
41.18,0.356765
40.72,0.357
41.05,0.357151
40.69,0.358
41.14,0.35812
41.44,0.358376
40.61,0.3587
41.3,0.3588
41.33,0.358855
41.12,0.358926
41.23,0.359
41.43,0.359106
41.35,0.359161
41.35,0.3595
40.79,0.359576
41.48,0.359687
40.7,0.36
41.31,0.3601
41.23,0.360187
41.18,0.3606
41.53,0.361
41.74,0.361016
40.58,0.361097
41.27,0.3613
41.29,0.361309
40.52,0.361378
41.82,0.361973
41.42,0.362
41.38,0.362005
41.65,0.362084
41.59,0.362111
41.43,0.362142
41.37,0.362181
41.15,0.362207
41.67,0.362359
41.47,0.362429
41.23,0.362703
41.53,0.36289
40.35,0.363
41.41,0.363129
40.89,0.363696
41.73,0.364341
41.56,0.364455
41.61,0.364553
41.2,0.364784
41.38,0.364989
41.69,0.365
41.9,0.365265
41.39,0.365307
41.7,0.365315
41.61,0.365325
40.82,0.365467
43.42,0.365548
41.73,0.3659
41.67,0.365913
41.06,0.366
40.18,0.366238
41.95,0.366312
41.17,0.3667
41.55,0.367
41.44,0.36718
41.61,0.367298
41.43,0.36744
41.25,0.368
41.19,0.368376
41.14,0.368422
41.09,0.3688
41.5,0.368842
41.26,0.368966
40.79,0.369
40.55,0.369608
40.43,0.3698
41.11,0.37
41.47,0.3705
41.17,0.370585
41.27,0.370739
40.71,0.371
41.56,0.371044
41.59,0.371177
41.6,0.3712
41.33,0.371262
41.92,0.371489
41.02,0.371513
41.29,0.371526
41.89,0.371537
41.45,0.3716
41.48,0.371731
41.27,0.3718
41.29,0.371812
40.28,0.372
41.8,0.372057
41.32,0.372795
40.99,0.373
41.95,0.373119
41.72,0.373667
41.16,0.373829
40.19,0.374
41.69,0.374084
40.9,0.374341
40.83,0.375
41.07,0.375039
41.4,0.375042
41.37,0.375137
41.58,0.375227
41.47,0.375455
40.94,0.375584
41.67,0.375684
41.75,0.375712
41.76,0.375758
41.57,0.376684
41.07,0.3767
40.87,0.37692
41.81,0.377082
41.44,0.377305
41.11,0.377309
41.52,0.377482
41.41,0.377698
40.88,0.378
41.2,0.378093
43.77,0.378359
41.56,0.378414
41.11,0.378459
41.31,0.378479
41.17,0.37864
40.81,0.378652
41.5,0.37894
41.64,0.379401
41.85,0.379667
40.87,0.38
41.68,0.3806
40.98,0.380703
40.91,0.380767
41.53,0.381125
41.34,0.381163
41.7,0.3815
41.31,0.381584
42.31,0.381631
41.75,0.381922
40.95,0.382
41.13,0.3821
40.55,0.3824
41.72,0.382575
40.63,0.382734
41.45,0.3829
40.81,0.383011
41.44,0.383289
41.61,0.38338
41.25,0.384021
41.16,0.384125
40.87,0.384698
41.53,0.385
42.06,0.385316
41.77,0.3857
42.17,0.385981
41.35,0.38666
40.88,0.38694
41.73,0.387152
41.36,0.3874
39.59,0.387771
41.89,0.387896
41.67,0.388
41.54,0.389724
41.56,0.3898
42.1,0.39
41.23,0.390557
41.54,0.390578
41.53,0.390602
41.86,0.390807
41.45,0.391335
41.8,0.39189
42.18,0.392006
41.39,0.392801
41.46,0.393
41.51,0.393346
41.6,0.393679
41.72,0.393925
41.75,0.394
41.65,0.394218
41.73,0.394945
41.77,0.394955
41.05,0.395
41.78,0.395058
41.98,0.3951
41.76,0.3956
41.45,0.395788
41.57,0.396301
40.77,0.3965
41.42,0.396513
41.42,0.396531
41.76,0.397
41.54,0.397285
42.09,0.397867
41.3,0.3985
41.84,0.399335
41.48,0.399981
41.62,0.399991
40.87,0.4
41.45,0.400479
41.8,0.4006
41.02,0.401
41.67,0.401058
41.49,0.4012
41.3,0.401202
41.69,0.401237
41.01,0.402
42.4,0.402047
41.8,0.402256
41.42,0.402323
42,0.402736
41.96,0.402876
41.42,0.403
41.67,0.40309
41.56,0.403372
41.09,0.403882
41.73,0.404
42.02,0.4043
41.35,0.404404
41.98,0.4047
40.98,0.405
41.22,0.405473
41.62,0.405999
41.81,0.406
41.99,0.406059
42,0.406559
41.7,0.406594
41.02,0.407
41.89,0.407071
41.72,0.407113
42.01,0.407556
41.09,0.408
41.24,0.408152
41.5,0.408288
41.21,0.409
41.75,0.409255
41.6,0.4094
40.88,0.409642
41.13,0.41
41.93,0.410778
41.7,0.411
40.59,0.411625
41.94,0.412585
41.73,0.413618
41.82,0.4137
41.91,0.414257
41.03,0.415
41.59,0.415635
40.94,0.416
41.67,0.416755
40.92,0.417
41.95,0.417071
42.01,0.417805
41.93,0.418732
42.02,0.419368
41.73,0.419382
41.68,0.419444
42.06,0.419782
38.96,0.4199
41.6,0.419931
40.79,0.42
41.53,0.420066
41.76,0.4206
42.16,0.420803
41.74,0.420973
41.41,0.421
41.25,0.421165
41.2,0.421841
42.19,0.422
41.93,0.42204
40.85,0.423
42.27,0.4231
41.89,0.423438
41.73,0.4238
40.62,0.425
41.15,0.427
42.11,0.4276
41.31,0.42774
41.05,0.428
41.58,0.428635
41.18,0.428703
40.95,0.429
41.77,0.429323
41.73,0.429563
41.59,0.429997
41.63,0.43
42.11,0.4301
42.02,0.4302
42.15,0.4306
42.15,0.431112
41.65,0.431273
41.49,0.432962
40.86,0.433187
41.86,0.43386
41.49,0.434
42.05,0.434257
41.54,0.434864
42.39,0.434924
41.4,0.435327
41.74,0.435745
41.78,0.43608
41.55,0.43623
41.82,0.436471
42.14,0.4365
41.5,0.437
41.56,0.437059
41.3,0.437768
41.96,0.437935
41.99,0.438058
42.1,0.438975
41.5,0.439722
41.29,0.44
42.23,0.44093
41.76,0.441176
41.72,0.441182
41.96,0.441372
42.78,0.442
41.81,0.442393
41.82,0.4434
42.15,0.444114
41.41,0.444252
41.75,0.444784
41.59,0.446155
44.9,0.44643
41.56,0.44672
41.69,0.446989
41.96,0.4474
42.21,0.447846
42.01,0.448849
42.49,0.448918
40.99,0.449
41.74,0.449299
42.14,0.449808
40.95,0.45
41.82,0.4504
41.07,0.451
42.29,0.451021
42.06,0.451125
42.16,0.4512
41.82,0.453
41.86,0.453804
42.42,0.454146
41.72,0.454329
41.8,0.455383
41.66,0.456693
42.03,0.456731
41.42,0.45733
42.54,0.458
42.28,0.458686
41.61,0.46
40.98,0.461
42.33,0.4612
41.33,0.463
42.51,0.464
42.12,0.464547
41.09,0.465
41.82,0.465436
41.38,0.466231
43.48,0.467156
41.89,0.467976
41.82,0.468
42.1,0.468259
42.01,0.469041
42.77,0.47
41.85,0.470141
42.59,0.470359
42.79,0.470738
42.16,0.472
42.43,0.472048
42.69,0.473334
42.49,0.473755
41.73,0.474318
41.69,0.474334
41.39,0.47452
41.98,0.474885
41.98,0.476722
41.15,0.478
41.66,0.479
41.87,0.479268
42.03,0.47979
42.44,0.479807
41.45,0.48
42.3,0.4812
41.55,0.482
41.77,0.483387
41.55,0.486492
41.92,0.486695
42.07,0.487629
41.91,0.488121
42.24,0.489267
41.35,0.49
41.76,0.490074
42.48,0.490901
41.24,0.495
41.42,0.496
41.51,0.496252
41.58,0.496475
41.81,0.4967
41.31,0.49673
42.04,0.496918
42.27,0.498
42.44,0.498089
42.04,0.498802
42.41,0.499
41.16,0.5
43.97,0.502136
41.43,0.504
41.91,0.507535
41.33,0.508
42.04,0.5088
42.32,0.508965
42.26,0.509
42.54,0.509764
42.34,0.509847
42.35,0.51
42.28,0.5105
41.66,0.511
42.2,0.513851
41.52,0.514
41.77,0.516
42.66,0.516581
42.81,0.516965
41.75,0.519
42.33,0.519708
42.83,0.52
41.52,0.521
41.81,0.522
41.71,0.524
40.64,0.526
41.27,0.528
42.13,0.529984
41.23,0.53
42.05,0.5304
42.9,0.5307
42.42,0.531
41.88,0.532
41.94,0.5344
42.52,0.534776
42.4,0.53536
42.24,0.536
42.9,0.536047
41.79,0.53615
41.63,0.537
42.89,0.537555
41.96,0.54
42.27,0.5406
41.42,0.543
41.79,0.544
40.86,0.548
43.65,0.55
42.52,0.5501
42.28,0.551
42.6,0.551035
42.58,0.552
41.99,0.554141
41.36,0.557
42.07,0.558
42.05,0.55816
43.85,0.559147
41.47,0.56
42.68,0.5625
42.63,0.564
43.14,0.564901
42.4,0.566
41.43,0.568
41.45,0.568893
41.74,0.57
41.68,0.571
42.55,0.571324
43.09,0.572
42.68,0.574
42.51,0.575
41.28,0.576
42.08,0.579
42.32,0.58
41.34,0.581
41.97,0.582
41.68,0.583
42.18,0.583407
42.19,0.5842
42.34,0.585
41.68,0.587
42.29,0.587383
42.78,0.589
42.43,0.59
43.44,0.592
41.91,0.598
42.41,0.6
41.69,0.604
41.48,0.605
41.66,0.606
42.86,0.608
42.1,0.61
42.27,0.612
42.26,0.613
41.54,0.615
42.83,0.617
41.78,0.619
43.3,0.6192
42.76,0.62
42.59,0.623
41.75,0.627
42.58,0.629
42.62,0.63
41.3,0.6303
41.77,0.631
42.7,0.632
42.21,0.633
43.05,0.6338
42.69,0.638
41.03,0.639
41.7,0.64
42.69,0.642
42.28,0.643
42.68,0.645
42.96,0.647
42.61,0.647341
42.26,0.65
41.47,0.655
42.21,0.656
42.94,0.6634
42.2,0.664
42.43,0.67
42.26,0.671
41.38,0.675
42.64,0.679
42.19,0.68
41.82,0.687
41.96,0.688
42.53,0.69
42.84,0.690995
41.16,0.691
42.37,0.695
42.84,0.698
42.37,0.699
42.11,0.7
43.06,0.7002
42.65,0.701
43.04,0.702
42.88,0.7027
42.69,0.707
42.3,0.71
42.16,0.711
42.89,0.715
42.73,0.718
42.97,0.719
42.28,0.72
42.27,0.722
42.84,0.726
42.58,0.73
43.04,0.732
42.99,0.7329
43.28,0.7349
42.08,0.735
42.56,0.736
42.03,0.737
42.16,0.74
42.53,0.741
42.93,0.7441
42.93,0.745
42.24,0.75
42.99,0.751
42.2,0.752
42.47,0.756
43.07,0.757
42.75,0.76
43.13,0.763
43.49,0.766
43.39,0.767
42.96,0.7677
43,0.769
41.98,0.772
42.83,0.775
43.31,0.778
42.69,0.78
42.49,0.781
43.63,0.79
42.6,0.791
43.07,0.798
42.65,0.799
43.46,0.8
43.16,0.805
43.47,0.808
42.57,0.81
42.7,0.811
42.94,0.812
43.24,0.813
43.36,0.815
42.64,0.817
42.68,0.818
43.18,0.82
43.67,0.821
42.73,0.822
43.03,0.8274
43.17,0.83
42.6,0.833
42.77,0.836
43.81,0.838
43.68,0.8387
42.72,0.839
42.5,0.84
43.25,0.842
43.25,0.8424
43.28,0.85
43.28,0.851
42.89,0.85454
43.6,0.855
42.76,0.859
43.3,0.86
43,0.865
43.15,0.866
42.7,0.868
42.83,0.87
42.56,0.874
42.64,0.882
42.58,0.885
42.91,0.89
43.57,0.891
42.34,0.899
43.18,0.9
43.16,0.901
42.52,0.905
43.13,0.91
43.18,0.915
43.3,0.92
43.93,0.924
43.11,0.927
42.46,0.93
43.07,0.934
42.82,0.935
42.58,0.936
42.9,0.946
42.7,0.949
43.19,0.95
43.56,0.953
43.36,0.954
42.79,0.96
42.84,0.961
43.77,0.965
43.48,0.97
43.27,0.975
42.71,0.978
43.86,0.98
43.63,0.981
42.48,0.983
44.51,0.984
43.67,0.985
43.39,0.998
44.16,1
43.31,1.01
44.29,1.014
43.33,1.01891
43.12,1.02
43.43,1.02733
43.52,1.03
42.14,1.031
44.9,1.037
42.98,1.05
43.03,1.06
44.09,1.092
45.05,1.11
43.32,1.12
43.85,1.124
42.79,1.14
43.47,1.141
43.63,1.143
44.87,1.188
43.56,1.191
44.59,1.192
45.67,1.212
43.99,1.23
45.1,1.231
44.21,1.23407
43.98,1.27
43.71,1.28
43.9,1.3
43.55,1.305
45.18,1.315
45.15,1.32
44.01,1.34
44.18,1.3457
44.82,1.35
43.92,1.37
42.2,1.4
44.59,1.415
45.07,1.551
45.57,1.713
45.54,1.914
